USE uniscope;

-- Disable FK checks so TRUNCATE order does not matter
SET FOREIGN_KEY_CHECKS = 0;

-- Clear existing data (safe to re-run)
TRUNCATE TABLE SystemLog;
TRUNCATE TABLE Flag;
TRUNCATE TABLE PlanCourse;
TRUNCATE TABLE SemesterPlan;
TRUNCATE TABLE Review;
TRUNCATE TABLE ProfessorOffering;
TRUNCATE TABLE CourseOffering;
TRUNCATE TABLE Course;
TRUNCATE TABLE Student;
TRUNCATE TABLE Professor;
TRUNCATE TABLE AcademicAdvisor;
TRUNCATE TABLE Admin;
TRUNCATE TABLE Department;

SET FOREIGN_KEY_CHECKS = 1;


-- INSERT DATA

-- Department
INSERT INTO Department (department_id, department_name) VALUES (1, 'Computer Science');
INSERT INTO Department (department_id, department_name) VALUES (2, 'Mathematics');
INSERT INTO Department (department_id, department_name) VALUES (3, 'Economics');
INSERT INTO Department (department_id, department_name) VALUES (4, 'Data Science');
INSERT INTO Department (department_id, department_name) VALUES (5, 'Electrical and Computer Engineering');
INSERT INTO Department (department_id, department_name) VALUES (6, 'Physics');
INSERT INTO Department (department_id, department_name) VALUES (7, 'Business Administration');
INSERT INTO Department (department_id, department_name) VALUES (8, 'English');
INSERT INTO Department (department_id, department_name) VALUES (9, 'Biology');
INSERT INTO Department (department_id, department_name) VALUES (10, 'Chemistry and Chemical Biology');
INSERT INTO Department (department_id, department_name) VALUES (11, 'Mechanical Engineering');
INSERT INTO Department (department_id, department_name) VALUES (12, 'Civil and Environmental Engineering');
INSERT INTO Department (department_id, department_name) VALUES (13, 'Chemical Engineering');
INSERT INTO Department (department_id, department_name) VALUES (14, 'Bioengineering');
INSERT INTO Department (department_id, department_name) VALUES (15, 'Psychology');
INSERT INTO Department (department_id, department_name) VALUES (16, 'Political Science');
INSERT INTO Department (department_id, department_name) VALUES (17, 'Sociology');
INSERT INTO Department (department_id, department_name) VALUES (18, 'Philosophy');
INSERT INTO Department (department_id, department_name) VALUES (19, 'History');
INSERT INTO Department (department_id, department_name) VALUES (20, 'Communication Studies');
INSERT INTO Department (department_id, department_name) VALUES (21, 'Journalism');
INSERT INTO Department (department_id, department_name) VALUES (22, 'Linguistics');
INSERT INTO Department (department_id, department_name) VALUES (23, 'Architecture');
INSERT INTO Department (department_id, department_name) VALUES (24, 'Music');
INSERT INTO Department (department_id, department_name) VALUES (25, 'Theatre');
INSERT INTO Department (department_id, department_name) VALUES (26, 'Finance and Insurance');
INSERT INTO Department (department_id, department_name) VALUES (27, 'Marketing');
INSERT INTO Department (department_id, department_name) VALUES (28, 'Management');
INSERT INTO Department (department_id, department_name) VALUES (29, 'International Business');
INSERT INTO Department (department_id, department_name) VALUES (30, 'Cybersecurity');
INSERT INTO Department (department_id, department_name) VALUES (31, 'Network Science');
INSERT INTO Department (department_id, department_name) VALUES (32, 'Industrial Engineering');
INSERT INTO Department (department_id, department_name) VALUES (33, 'Materials Engineering');
INSERT INTO Department (department_id, department_name) VALUES (34, 'Biochemistry');
INSERT INTO Department (department_id, department_name) VALUES (35, 'Game Science and Design');

-- Course
INSERT INTO Course (course_id, department_id, course_code, course_name, credits, description) VALUES (1, 1, 'CS 1800', 'Discrete Structures', 4, 'Introduces mathematical structures and methods that form the foundation of computer science, including sets, functions, logic, and counting techniques.');
INSERT INTO Course (course_id, department_id, course_code, course_name, credits, description) VALUES (2, 1, 'CS 2100', 'Program Design and Implementation 1', 4, 'Examines fundamentals of program design and implementation including data structures, object-oriented design patterns, and software engineering practices.');
INSERT INTO Course (course_id, department_id, course_code, course_name, credits, description) VALUES (3, 1, 'CS 2500', 'Fundamentals of Computer Science 1', 4, 'Introduces the design and analysis of algorithms, the management of information, and the principles of computation using a functional programming language.');
INSERT INTO Course (course_id, department_id, course_code, course_name, credits, description) VALUES (4, 1, 'CS 2510', 'Fundamentals of Computer Science 2', 4, 'Continues study of program design and data structures, emphasizing object-oriented design, mutation, and large-scale program construction.');
INSERT INTO Course (course_id, department_id, course_code, course_name, credits, description) VALUES (5, 1, 'CS 2800', 'Logic and Computation', 4, 'Introduces formal logic and its connections to computer science, covering propositional and first-order logic, logical inference, and mathematical induction.');
INSERT INTO Course (course_id, department_id, course_code, course_name, credits, description) VALUES (6, 1, 'CS 3000', 'Algorithms and Data', 4, 'Introduces principles and techniques for the design, analysis, and implementation of efficient algorithms and data representations.');
INSERT INTO Course (course_id, department_id, course_code, course_name, credits, description) VALUES (7, 1, 'CS 3100', 'Program Design and Implementation 2', 4, 'Builds on CS 2100 to examine program design at increasing scales of complexity, covering software design patterns and large-scale software projects.');
INSERT INTO Course (course_id, department_id, course_code, course_name, credits, description) VALUES (8, 1, 'CS 3200', 'Introduction to Databases', 4, 'Studies the design of a database for use in a relational database management system. Covers ER modeling, relational algebra, SQL, and advanced topics.');
INSERT INTO Course (course_id, department_id, course_code, course_name, credits, description) VALUES (9, 1, 'CS 3500', 'Object-Oriented Design', 4, 'Covers the principles and practices of designing large-scale object-oriented software systems using design patterns and SOLID principles.');
INSERT INTO Course (course_id, department_id, course_code, course_name, credits, description) VALUES (10, 1, 'CS 3650', 'Computer Systems', 4, 'Introduces basic design of computing systems, operating systems, and assembly language. Covers caches, virtual memory, system calls, and OS structures.');
INSERT INTO Course (course_id, department_id, course_code, course_name, credits, description) VALUES (11, 1, 'CS 3700', 'Networks and Distributed Systems', 4, 'Introduces fundamentals of computer networks, including architectures, protocols, and distributed program construction with emphasis on high-level protocols.');
INSERT INTO Course (course_id, department_id, course_code, course_name, credits, description) VALUES (12, 1, 'CS 3800', 'Theory of Computation', 4, 'Introduces the theory behind computers, covering automata theory, computability, and complexity including finite automata and Turing machines.');
INSERT INTO Course (course_id, department_id, course_code, course_name, credits, description) VALUES (13, 1, 'CS 4100', 'Artificial Intelligence', 4, 'Introduces fundamental problems, theories, and algorithms of AI, including heuristic search, knowledge representation, planning, and machine learning.');
INSERT INTO Course (course_id, department_id, course_code, course_name, credits, description) VALUES (14, 1, 'CS 4120', 'Natural Language Processing', 4, 'Introduces computational modeling of human language, covering computational grammar models, statistical language models, and NLP applications.');
INSERT INTO Course (course_id, department_id, course_code, course_name, credits, description) VALUES (15, 1, 'CS 4300', 'Computer Graphics', 4, 'Charts a path through major aspects of computer graphics: modeling, viewing, rendering, transformations, and interaction with hardware context.');
INSERT INTO Course (course_id, department_id, course_code, course_name, credits, description) VALUES (16, 1, 'CS 4400', 'Programming Languages', 4, 'Introduces a systematic approach to understanding programming language behavior, covering interpreters, scope, binding, type rules, and concurrency.');
INSERT INTO Course (course_id, department_id, course_code, course_name, credits, description) VALUES (17, 1, 'CS 4500', 'Software Development', 4, 'Covers large-scale software development practices, agile methods, code review, and collaborative development with substantial project work.');
INSERT INTO Course (course_id, department_id, course_code, course_name, credits, description) VALUES (18, 1, 'CS 4550', 'Web Development', 4, 'Covers design and implementation of web applications, including client-server architecture, REST APIs, databases, and modern front-end frameworks.');
INSERT INTO Course (course_id, department_id, course_code, course_name, credits, description) VALUES (19, 2, 'MATH 1341', 'Calculus 1 for Science and Engineering', 4, 'Covers limits, derivatives, and integrals of functions of one variable. Emphasizes conceptual understanding and problem-solving for STEM students.');
INSERT INTO Course (course_id, department_id, course_code, course_name, credits, description) VALUES (20, 2, 'MATH 1342', 'Calculus 2 for Science and Engineering', 4, 'Covers techniques of integration, series, polar coordinates, and introductory differential equations for science and engineering students.');
INSERT INTO Course (course_id, department_id, course_code, course_name, credits, description) VALUES (21, 2, 'MATH 2321', 'Calculus 3 for Science and Engineering', 4, 'Covers multivariable calculus including partial derivatives, multiple integrals, vector calculus, and the theorems of Green, Stokes, and Gauss.');
INSERT INTO Course (course_id, department_id, course_code, course_name, credits, description) VALUES (22, 2, 'MATH 2331', 'Linear Algebra', 4, 'Covers systems of linear equations, matrix algebra, determinants, vector spaces, eigenvalues, and linear transformations with applications.');
INSERT INTO Course (course_id, department_id, course_code, course_name, credits, description) VALUES (23, 2, 'MATH 3081', 'Probability and Statistics', 4, 'Introduces probability theory and statistical inference, covering discrete and continuous distributions, estimation, and hypothesis testing.');
INSERT INTO Course (course_id, department_id, course_code, course_name, credits, description) VALUES (24, 2, 'MATH 4545', 'Fourier Series and Partial Differential Equations', 4, 'Covers Fourier series, boundary value problems, partial differential equations, and their applications to heat, wave, and Laplace equations.');
INSERT INTO Course (course_id, department_id, course_code, course_name, credits, description) VALUES (25, 3, 'ECON 1115', 'Principles of Microeconomics', 4, 'Introduces microeconomic theory including supply and demand, consumer behavior, firm theory, market structures, and market failure.');
INSERT INTO Course (course_id, department_id, course_code, course_name, credits, description) VALUES (26, 3, 'ECON 1116', 'Principles of Macroeconomics', 4, 'Introduces macroeconomic theory including GDP, unemployment, inflation, monetary and fiscal policy, and the open economy.');
INSERT INTO Course (course_id, department_id, course_code, course_name, credits, description) VALUES (27, 3, 'ECON 2350', 'Probability and Statistics for Economists', 4, 'Covers statistical methods for economic analysis including probability, sampling distributions, regression analysis, and hypothesis testing.');
INSERT INTO Course (course_id, department_id, course_code, course_name, credits, description) VALUES (28, 4, 'DS 2500', 'Intermediate Programming with Data', 4, 'Covers intermediate programming using Python for data analysis, including data manipulation, visualization, and introductory machine learning.');
INSERT INTO Course (course_id, department_id, course_code, course_name, credits, description) VALUES (29, 4, 'DS 3000', 'Foundations of Data Science', 4, 'Introduces foundational concepts in data science including data cleaning, exploratory analysis, statistical modeling, and evaluation.');
INSERT INTO Course (course_id, department_id, course_code, course_name, credits, description) VALUES (30, 4, 'DS 3500', 'Advanced Programming with Data', 4, 'Covers advanced programming techniques for data-intensive applications, including parallel processing, APIs, and scalable data pipelines.');
INSERT INTO Course (course_id, department_id, course_code, course_name, credits, description) VALUES (31, 5, 'EECE 2160', 'Embedded Design Enabling Robotics', 4, 'Introduces embedded computing systems design, covering microcontrollers, C programming, digital I/O, and hardware-software integration.');
INSERT INTO Course (course_id, department_id, course_code, course_name, credits, description) VALUES (32, 5, 'EECE 2560', 'Fundamentals of Engineering Algorithms', 4, 'Covers algorithm design and analysis for engineering applications, including sorting, searching, and graph algorithms in C++.');
INSERT INTO Course (course_id, department_id, course_code, course_name, credits, description) VALUES (33, 6, 'PHYS 1151', 'Physics for Engineering 1', 4, 'Covers classical mechanics including kinematics, dynamics, energy, momentum, rotation, and oscillations for engineering students.');
INSERT INTO Course (course_id, department_id, course_code, course_name, credits, description) VALUES (34, 6, 'PHYS 1152', 'Physics for Engineering 2', 4, 'Covers electricity, magnetism, waves, optics, and introductory modern physics for engineering students.');
INSERT INTO Course (course_id, department_id, course_code, course_name, credits, description) VALUES (35, 8, 'ENGW 1111', 'First-Year Writing', 4, 'Develops academic writing skills through reading, analysis, and composition. Emphasizes research, argumentation, and revision.');

-- Student
INSERT INTO Student (student_id, student_name, academic_year, student_email, department_id, total_hours) VALUES (1, 'Danielle Johnson', 'Freshman', 'johnson.danielle@northeastern.edu', 8, 17);
INSERT INTO Student (student_id, student_name, academic_year, student_email, department_id, total_hours) VALUES (2, 'Joshua Walker', 'Freshman', 'walker.joshua@northeastern.edu', 7, 27);
INSERT INTO Student (student_id, student_name, academic_year, student_email, department_id, total_hours) VALUES (3, 'Jill Rhodes', 'Sophomore', 'rhodes.jill@northeastern.edu', 14, 33);
INSERT INTO Student (student_id, student_name, academic_year, student_email, department_id, total_hours) VALUES (4, 'Patricia Miller', 'Sophomore', 'miller.patricia@northeastern.edu', 27, 49);
INSERT INTO Student (student_id, student_name, academic_year, student_email, department_id, total_hours) VALUES (5, 'Robert Johnson', 'Junior', 'johnson.robert@northeastern.edu', 28, 77);
INSERT INTO Student (student_id, student_name, academic_year, student_email, department_id, total_hours) VALUES (6, 'Jeffery Wagner', 'Freshman', 'wagner.jeffery@northeastern.edu', 7, 24);
INSERT INTO Student (student_id, student_name, academic_year, student_email, department_id, total_hours) VALUES (7, 'Anthony Gonzalez', 'Freshman', 'gonzalez.anthony@northeastern.edu', 17, 29);
INSERT INTO Student (student_id, student_name, academic_year, student_email, department_id, total_hours) VALUES (8, 'Debra Gardner', 'Junior', 'gardner.debra@northeastern.edu', NULL, 68);
INSERT INTO Student (student_id, student_name, academic_year, student_email, department_id, total_hours) VALUES (9, 'Jeffrey Lawrence', 'Junior', 'lawrence.jeffrey@northeastern.edu', 15, 70);
INSERT INTO Student (student_id, student_name, academic_year, student_email, department_id, total_hours) VALUES (10, 'Lisa Smith', 'Senior', 'smith.lisa@northeastern.edu', 18, 118);
INSERT INTO Student (student_id, student_name, academic_year, student_email, department_id, total_hours) VALUES (11, 'Linda Wolfe', 'Junior', 'wolfe.linda@northeastern.edu', 14, 79);
INSERT INTO Student (student_id, student_name, academic_year, student_email, department_id, total_hours) VALUES (12, 'Matthew Moore', 'Senior', 'moore.matthew@northeastern.edu', 30, 99);
INSERT INTO Student (student_id, student_name, academic_year, student_email, department_id, total_hours) VALUES (13, 'Susan Rogers', 'Freshman', 'rogers.susan@northeastern.edu', 15, 20);
INSERT INTO Student (student_id, student_name, academic_year, student_email, department_id, total_hours) VALUES (14, 'Christopher Davis', 'Junior', 'davis.christopher@northeastern.edu', 14, 89);
INSERT INTO Student (student_id, student_name, academic_year, student_email, department_id, total_hours) VALUES (15, 'Melanie Munoz', 'Junior', 'munoz.melanie@northeastern.edu', 10, 80);
INSERT INTO Student (student_id, student_name, academic_year, student_email, department_id, total_hours) VALUES (16, 'Lindsay Blair', 'Junior', 'blair.lindsay@northeastern.edu', 26, 96);
INSERT INTO Student (student_id, student_name, academic_year, student_email, department_id, total_hours) VALUES (17, 'Amanda Dudley', 'Freshman', 'dudley.amanda@northeastern.edu', 6, 7);
INSERT INTO Student (student_id, student_name, academic_year, student_email, department_id, total_hours) VALUES (18, 'Nicholas Arnold', 'Senior', 'arnold.nicholas@northeastern.edu', 5, 131);
INSERT INTO Student (student_id, student_name, academic_year, student_email, department_id, total_hours) VALUES (19, 'Maria Montgomery', 'Freshman', 'montgomery.maria@northeastern.edu', 1, 17);
INSERT INTO Student (student_id, student_name, academic_year, student_email, department_id, total_hours) VALUES (20, 'Michelle Ray', 'Sophomore', 'ray.michelle@northeastern.edu', 28, 32);
INSERT INTO Student (student_id, student_name, academic_year, student_email, department_id, total_hours) VALUES (21, 'Janet Williams', 'Freshman', 'williams.janet@northeastern.edu', 12, 19);
INSERT INTO Student (student_id, student_name, academic_year, student_email, department_id, total_hours) VALUES (22, 'Jeremy Roberts', 'Sophomore', 'roberts.jeremy@northeastern.edu', 24, 52);
INSERT INTO Student (student_id, student_name, academic_year, student_email, department_id, total_hours) VALUES (23, 'Christopher Hall', 'Junior', 'hall.christopher@northeastern.edu', 8, 67);
INSERT INTO Student (student_id, student_name, academic_year, student_email, department_id, total_hours) VALUES (24, 'Craig Ramirez', 'Freshman', 'ramirez.craig@northeastern.edu', 6, 31);
INSERT INTO Student (student_id, student_name, academic_year, student_email, department_id, total_hours) VALUES (25, 'Cynthia Diaz', 'Sophomore', 'diaz.cynthia@northeastern.edu', 31, 59);
INSERT INTO Student (student_id, student_name, academic_year, student_email, department_id, total_hours) VALUES (26, 'Mitchell Clark', 'Junior', 'clark.mitchell@northeastern.edu', 13, 92);
INSERT INTO Student (student_id, student_name, academic_year, student_email, department_id, total_hours) VALUES (27, 'Joseph Zuniga', 'Freshman', 'zuniga.joseph@northeastern.edu', 29, 15);
INSERT INTO Student (student_id, student_name, academic_year, student_email, department_id, total_hours) VALUES (28, 'Deborah Lynch', 'Sophomore', 'lynch.deborah@northeastern.edu', 2, 32);
INSERT INTO Student (student_id, student_name, academic_year, student_email, department_id, total_hours) VALUES (29, 'George Daniel', 'Freshman', 'daniel.george@northeastern.edu', 15, 2);
INSERT INTO Student (student_id, student_name, academic_year, student_email, department_id, total_hours) VALUES (30, 'Frank Gray', 'Junior', 'gray.frank@northeastern.edu', 16, 72);
INSERT INTO Student (student_id, student_name, academic_year, student_email, department_id, total_hours) VALUES (31, 'Veronica Bowman', 'Sophomore', 'bowman.veronica@northeastern.edu', 31, 58);
INSERT INTO Student (student_id, student_name, academic_year, student_email, department_id, total_hours) VALUES (32, 'Angela Cohen', 'Senior', 'cohen.angela@northeastern.edu', 7, 125);
INSERT INTO Student (student_id, student_name, academic_year, student_email, department_id, total_hours) VALUES (33, 'Megan Parsons', 'Freshman', 'parsons.megan@northeastern.edu', 4, 3);
INSERT INTO Student (student_id, student_name, academic_year, student_email, department_id, total_hours) VALUES (34, 'Jeremy Johnson', 'Sophomore', 'johnson.jeremy@northeastern.edu', 16, 60);
INSERT INTO Student (student_id, student_name, academic_year, student_email, department_id, total_hours) VALUES (35, 'Leslie Adams', 'Junior', 'adams.leslie@northeastern.edu', 12, 68);

-- Professor
INSERT INTO Professor (professor_id, professor_name, professor_email) VALUES (1, 'Jason Hahn', 'hahn.jason@northeastern.edu');
INSERT INTO Professor (professor_id, professor_name, professor_email) VALUES (2, 'Nancy Edwards', 'edwards.nancy@northeastern.edu');
INSERT INTO Professor (professor_id, professor_name, professor_email) VALUES (3, 'Diana Foster', 'foster.diana@northeastern.edu');
INSERT INTO Professor (professor_id, professor_name, professor_email) VALUES (4, 'Robin Ellis', 'ellis.robin@northeastern.edu');
INSERT INTO Professor (professor_id, professor_name, professor_email) VALUES (5, 'Joseph Wright', 'wright.joseph@northeastern.edu');
INSERT INTO Professor (professor_id, professor_name, professor_email) VALUES (6, 'Anna Baker', 'baker.anna@northeastern.edu');
INSERT INTO Professor (professor_id, professor_name, professor_email) VALUES (7, 'Brenda Hurst', 'hurst.brenda@northeastern.edu');
INSERT INTO Professor (professor_id, professor_name, professor_email) VALUES (8, 'Reginald Robinson', 'robinson.reginald@northeastern.edu');
INSERT INTO Professor (professor_id, professor_name, professor_email) VALUES (9, 'Whitney Hicks', 'hicks.whitney@northeastern.edu');
INSERT INTO Professor (professor_id, professor_name, professor_email) VALUES (10, 'Christopher Williams', 'williams.christopher@northeastern.edu');
INSERT INTO Professor (professor_id, professor_name, professor_email) VALUES (11, 'Daniel Burton', 'burton.daniel@northeastern.edu');
INSERT INTO Professor (professor_id, professor_name, professor_email) VALUES (12, 'Laura Henderson', 'henderson.laura@northeastern.edu');
INSERT INTO Professor (professor_id, professor_name, professor_email) VALUES (13, 'Bryan James', 'james.bryan@northeastern.edu');
INSERT INTO Professor (professor_id, professor_name, professor_email) VALUES (14, 'Wendy Rice', 'rice.wendy@northeastern.edu');
INSERT INTO Professor (professor_id, professor_name, professor_email) VALUES (15, 'Tasha Valencia', 'valencia.tasha@northeastern.edu');
INSERT INTO Professor (professor_id, professor_name, professor_email) VALUES (16, 'Alexander Le', 'le.alexander@northeastern.edu');
INSERT INTO Professor (professor_id, professor_name, professor_email) VALUES (17, 'Erin Herrera', 'herrera.erin@northeastern.edu');
INSERT INTO Professor (professor_id, professor_name, professor_email) VALUES (18, 'Joseph Davidson', 'davidson.joseph@northeastern.edu');
INSERT INTO Professor (professor_id, professor_name, professor_email) VALUES (19, 'Daniel Graham', 'graham.daniel@northeastern.edu');
INSERT INTO Professor (professor_id, professor_name, professor_email) VALUES (20, 'Shawn Mckay', 'mckay.shawn@northeastern.edu');
INSERT INTO Professor (professor_id, professor_name, professor_email) VALUES (21, 'Nancy Baker', 'baker.nancy@northeastern.edu');
INSERT INTO Professor (professor_id, professor_name, professor_email) VALUES (22, 'Vincent White', 'white.vincent@northeastern.edu');
INSERT INTO Professor (professor_id, professor_name, professor_email) VALUES (23, 'Rita Harrell', 'harrell.rita@northeastern.edu');
INSERT INTO Professor (professor_id, professor_name, professor_email) VALUES (24, 'Kenneth Fowler', 'fowler.kenneth@northeastern.edu');
INSERT INTO Professor (professor_id, professor_name, professor_email) VALUES (25, 'Chelsea Hernandez', 'hernandez.chelsea@northeastern.edu');
INSERT INTO Professor (professor_id, professor_name, professor_email) VALUES (26, 'Kathryn Ryan', 'ryan.kathryn@northeastern.edu');
INSERT INTO Professor (professor_id, professor_name, professor_email) VALUES (27, 'Kimberly Moreno', 'moreno.kimberly@northeastern.edu');
INSERT INTO Professor (professor_id, professor_name, professor_email) VALUES (28, 'Aaron Nguyen', 'nguyen.aaron@northeastern.edu');
INSERT INTO Professor (professor_id, professor_name, professor_email) VALUES (29, 'Andrew Hickman', 'hickman.andrew@northeastern.edu');
INSERT INTO Professor (professor_id, professor_name, professor_email) VALUES (30, 'Natasha Decker', 'decker.natasha@northeastern.edu');
INSERT INTO Professor (professor_id, professor_name, professor_email) VALUES (31, 'Kyle Brown', 'brown.kyle@northeastern.edu');
INSERT INTO Professor (professor_id, professor_name, professor_email) VALUES (32, 'Natalie Arroyo', 'arroyo.natalie@northeastern.edu');
INSERT INTO Professor (professor_id, professor_name, professor_email) VALUES (33, 'Christopher Tucker', 'tucker.christopher@northeastern.edu');
INSERT INTO Professor (professor_id, professor_name, professor_email) VALUES (34, 'Chad Hodges', 'hodges.chad@northeastern.edu');
INSERT INTO Professor (professor_id, professor_name, professor_email) VALUES (35, 'Katie Anderson', 'anderson.katie@northeastern.edu');

-- AcademicAdvisor
INSERT INTO AcademicAdvisor (advisor_id, advisor_name, advisor_email) VALUES (1, 'Thomas Pierce', 'pierce.thomas@northeastern.edu');
INSERT INTO AcademicAdvisor (advisor_id, advisor_name, advisor_email) VALUES (2, 'Joseph Brennan', 'brennan.joseph@northeastern.edu');
INSERT INTO AcademicAdvisor (advisor_id, advisor_name, advisor_email) VALUES (3, 'Rodney Lewis', 'lewis.rodney@northeastern.edu');
INSERT INTO AcademicAdvisor (advisor_id, advisor_name, advisor_email) VALUES (4, 'Amber Blair', 'blair.amber@northeastern.edu');
INSERT INTO AcademicAdvisor (advisor_id, advisor_name, advisor_email) VALUES (5, 'James Collins', 'collins.james@northeastern.edu');
INSERT INTO AcademicAdvisor (advisor_id, advisor_name, advisor_email) VALUES (6, 'Wanda Santos', 'santos.wanda@northeastern.edu');
INSERT INTO AcademicAdvisor (advisor_id, advisor_name, advisor_email) VALUES (7, 'Samuel Holmes', 'holmes.samuel@northeastern.edu');
INSERT INTO AcademicAdvisor (advisor_id, advisor_name, advisor_email) VALUES (8, 'David Walker', 'walker.david@northeastern.edu');
INSERT INTO AcademicAdvisor (advisor_id, advisor_name, advisor_email) VALUES (9, 'Matthew Chapman', 'chapman.matthew@northeastern.edu');
INSERT INTO AcademicAdvisor (advisor_id, advisor_name, advisor_email) VALUES (10, 'Jerry Robinson', 'robinson.jerry@northeastern.edu');
INSERT INTO AcademicAdvisor (advisor_id, advisor_name, advisor_email) VALUES (11, 'Chad Welch', 'welch.chad@northeastern.edu');
INSERT INTO AcademicAdvisor (advisor_id, advisor_name, advisor_email) VALUES (12, 'Jeremy Whitehead', 'whitehead.jeremy@northeastern.edu');
INSERT INTO AcademicAdvisor (advisor_id, advisor_name, advisor_email) VALUES (13, 'Michele Jones', 'jones.michele@northeastern.edu');
INSERT INTO AcademicAdvisor (advisor_id, advisor_name, advisor_email) VALUES (14, 'John Caldwell', 'caldwell.john@northeastern.edu');
INSERT INTO AcademicAdvisor (advisor_id, advisor_name, advisor_email) VALUES (15, 'Jason Anderson', 'anderson.jason@northeastern.edu');
INSERT INTO AcademicAdvisor (advisor_id, advisor_name, advisor_email) VALUES (16, 'Selena Duncan', 'duncan.selena@northeastern.edu');
INSERT INTO AcademicAdvisor (advisor_id, advisor_name, advisor_email) VALUES (17, 'Thomas Mueller', 'mueller.thomas@northeastern.edu');
INSERT INTO AcademicAdvisor (advisor_id, advisor_name, advisor_email) VALUES (18, 'Lindsey Lee', 'lee.lindsey@northeastern.edu');
INSERT INTO AcademicAdvisor (advisor_id, advisor_name, advisor_email) VALUES (19, 'Collin Jordan', 'jordan.collin@northeastern.edu');
INSERT INTO AcademicAdvisor (advisor_id, advisor_name, advisor_email) VALUES (20, 'Rodney Owens', 'owens.rodney@northeastern.edu');
INSERT INTO AcademicAdvisor (advisor_id, advisor_name, advisor_email) VALUES (21, 'Jessica Nunez', 'nunez.jessica@northeastern.edu');
INSERT INTO AcademicAdvisor (advisor_id, advisor_name, advisor_email) VALUES (22, 'Tracey Garcia', 'garcia.tracey@northeastern.edu');
INSERT INTO AcademicAdvisor (advisor_id, advisor_name, advisor_email) VALUES (23, 'Richard Morgan', 'morgan.richard@northeastern.edu');
INSERT INTO AcademicAdvisor (advisor_id, advisor_name, advisor_email) VALUES (24, 'Michelle Wright', 'wright.michelle@northeastern.edu');
INSERT INTO AcademicAdvisor (advisor_id, advisor_name, advisor_email) VALUES (25, 'James West', 'west.james@northeastern.edu');
INSERT INTO AcademicAdvisor (advisor_id, advisor_name, advisor_email) VALUES (26, 'Robert Ramirez', 'ramirez.robert@northeastern.edu');
INSERT INTO AcademicAdvisor (advisor_id, advisor_name, advisor_email) VALUES (27, 'John Leblanc', 'leblanc.john@northeastern.edu');
INSERT INTO AcademicAdvisor (advisor_id, advisor_name, advisor_email) VALUES (28, 'Scott Callahan', 'callahan.scott@northeastern.edu');
INSERT INTO AcademicAdvisor (advisor_id, advisor_name, advisor_email) VALUES (29, 'Andrea Williams', 'williams.andrea@northeastern.edu');
INSERT INTO AcademicAdvisor (advisor_id, advisor_name, advisor_email) VALUES (30, 'Yvette Huff', 'huff.yvette@northeastern.edu');

-- Admin
INSERT INTO Admin (admin_id, admin_name, admin_email) VALUES (1, 'Tanya House', 'house.tanya@northeastern.edu');
INSERT INTO Admin (admin_id, admin_name, admin_email) VALUES (2, 'Melinda Martin', 'martin.melinda@northeastern.edu');
INSERT INTO Admin (admin_id, admin_name, admin_email) VALUES (3, 'Todd Lewis', 'lewis.todd@northeastern.edu');
INSERT INTO Admin (admin_id, admin_name, admin_email) VALUES (4, 'Richard Brown', 'brown.richard@northeastern.edu');
INSERT INTO Admin (admin_id, admin_name, admin_email) VALUES (5, 'Nicholas Galloway', 'galloway.nicholas@northeastern.edu');
INSERT INTO Admin (admin_id, admin_name, admin_email) VALUES (6, 'Joseph Bowers', 'bowers.joseph@northeastern.edu');
INSERT INTO Admin (admin_id, admin_name, admin_email) VALUES (7, 'Spencer Henderson', 'henderson.spencer@northeastern.edu');
INSERT INTO Admin (admin_id, admin_name, admin_email) VALUES (8, 'Susan Cowan', 'cowan.susan@northeastern.edu');
INSERT INTO Admin (admin_id, admin_name, admin_email) VALUES (9, 'Angela Higgins', 'higgins.angela@northeastern.edu');
INSERT INTO Admin (admin_id, admin_name, admin_email) VALUES (10, 'Eric Phillips', 'phillips.eric@northeastern.edu');
INSERT INTO Admin (admin_id, admin_name, admin_email) VALUES (11, 'Tanya Riley', 'riley.tanya@northeastern.edu');
INSERT INTO Admin (admin_id, admin_name, admin_email) VALUES (12, 'Amy Adkins', 'adkins.amy@northeastern.edu');
INSERT INTO Admin (admin_id, admin_name, admin_email) VALUES (13, 'Brian Silva', 'silva.brian@northeastern.edu');
INSERT INTO Admin (admin_id, admin_name, admin_email) VALUES (14, 'Wesley Farrell', 'farrell.wesley@northeastern.edu');
INSERT INTO Admin (admin_id, admin_name, admin_email) VALUES (15, 'Eric Yu', 'yu.eric@northeastern.edu');
INSERT INTO Admin (admin_id, admin_name, admin_email) VALUES (16, 'Christopher Lopez', 'lopez.christopher@northeastern.edu');
INSERT INTO Admin (admin_id, admin_name, admin_email) VALUES (17, 'Brooke Leonard', 'leonard.brooke@northeastern.edu');
INSERT INTO Admin (admin_id, admin_name, admin_email) VALUES (18, 'Joe Wilson', 'wilson.joe@northeastern.edu');
INSERT INTO Admin (admin_id, admin_name, admin_email) VALUES (19, 'Pamela Sanchez', 'sanchez.pamela@northeastern.edu');
INSERT INTO Admin (admin_id, admin_name, admin_email) VALUES (20, 'Brooke Harvey', 'harvey.brooke@northeastern.edu');
INSERT INTO Admin (admin_id, admin_name, admin_email) VALUES (21, 'Robert Silva', 'silva.robert@northeastern.edu');
INSERT INTO Admin (admin_id, admin_name, admin_email) VALUES (22, 'Alexandra Donovan', 'donovan.alexandra@northeastern.edu');
INSERT INTO Admin (admin_id, admin_name, admin_email) VALUES (23, 'James Moran', 'moran.james@northeastern.edu');
INSERT INTO Admin (admin_id, admin_name, admin_email) VALUES (24, 'John Foster', 'foster.john@northeastern.edu');
INSERT INTO Admin (admin_id, admin_name, admin_email) VALUES (25, 'Emily Evans', 'evans.emily@northeastern.edu');
INSERT INTO Admin (admin_id, admin_name, admin_email) VALUES (26, 'Leslie Walton', 'walton.leslie@northeastern.edu');
INSERT INTO Admin (admin_id, admin_name, admin_email) VALUES (27, 'Charles Ellis', 'ellis.charles@northeastern.edu');
INSERT INTO Admin (admin_id, admin_name, admin_email) VALUES (28, 'Yolanda Ferrell', 'ferrell.yolanda@northeastern.edu');
INSERT INTO Admin (admin_id, admin_name, admin_email) VALUES (29, 'Charles Lewis', 'lewis.charles@northeastern.edu');
INSERT INTO Admin (admin_id, admin_name, admin_email) VALUES (30, 'Joseph Mahoney', 'mahoney.joseph@northeastern.edu');

-- CourseOffering
INSERT INTO CourseOffering (offering_id, course_id, semester, year) VALUES (1, 1, 'Fall', 2022);
INSERT INTO CourseOffering (offering_id, course_id, semester, year) VALUES (2, 2, 'Fall', 2022);
INSERT INTO CourseOffering (offering_id, course_id, semester, year) VALUES (3, 3, 'Fall', 2023);
INSERT INTO CourseOffering (offering_id, course_id, semester, year) VALUES (4, 4, 'Spring', 2025);
INSERT INTO CourseOffering (offering_id, course_id, semester, year) VALUES (5, 5, 'Spring', 2023);
INSERT INTO CourseOffering (offering_id, course_id, semester, year) VALUES (6, 6, 'Spring', 2022);
INSERT INTO CourseOffering (offering_id, course_id, semester, year) VALUES (7, 7, 'Fall', 2025);
INSERT INTO CourseOffering (offering_id, course_id, semester, year) VALUES (8, 8, 'Fall', 2025);
INSERT INTO CourseOffering (offering_id, course_id, semester, year) VALUES (9, 9, 'Spring', 2025);
INSERT INTO CourseOffering (offering_id, course_id, semester, year) VALUES (10, 10, 'Spring', 2025);
INSERT INTO CourseOffering (offering_id, course_id, semester, year) VALUES (11, 11, 'Spring', 2023);
INSERT INTO CourseOffering (offering_id, course_id, semester, year) VALUES (12, 12, 'Fall', 2024);
INSERT INTO CourseOffering (offering_id, course_id, semester, year) VALUES (13, 13, 'Fall', 2022);
INSERT INTO CourseOffering (offering_id, course_id, semester, year) VALUES (14, 14, 'Fall', 2024);
INSERT INTO CourseOffering (offering_id, course_id, semester, year) VALUES (15, 15, 'Fall', 2022);
INSERT INTO CourseOffering (offering_id, course_id, semester, year) VALUES (16, 16, 'Spring', 2026);
INSERT INTO CourseOffering (offering_id, course_id, semester, year) VALUES (17, 17, 'Fall', 2022);
INSERT INTO CourseOffering (offering_id, course_id, semester, year) VALUES (18, 18, 'Fall', 2023);
INSERT INTO CourseOffering (offering_id, course_id, semester, year) VALUES (19, 19, 'Fall', 2026);
INSERT INTO CourseOffering (offering_id, course_id, semester, year) VALUES (20, 20, 'Fall', 2023);
INSERT INTO CourseOffering (offering_id, course_id, semester, year) VALUES (21, 21, 'Spring', 2022);
INSERT INTO CourseOffering (offering_id, course_id, semester, year) VALUES (22, 22, 'Fall', 2026);
INSERT INTO CourseOffering (offering_id, course_id, semester, year) VALUES (23, 23, 'Fall', 2026);
INSERT INTO CourseOffering (offering_id, course_id, semester, year) VALUES (24, 24, 'Fall', 2025);
INSERT INTO CourseOffering (offering_id, course_id, semester, year) VALUES (25, 25, 'Spring', 2024);
INSERT INTO CourseOffering (offering_id, course_id, semester, year) VALUES (26, 26, 'Fall', 2024);
INSERT INTO CourseOffering (offering_id, course_id, semester, year) VALUES (27, 27, 'Fall', 2024);
INSERT INTO CourseOffering (offering_id, course_id, semester, year) VALUES (28, 28, 'Spring', 2023);
INSERT INTO CourseOffering (offering_id, course_id, semester, year) VALUES (29, 29, 'Spring', 2025);
INSERT INTO CourseOffering (offering_id, course_id, semester, year) VALUES (30, 30, 'Spring', 2022);
INSERT INTO CourseOffering (offering_id, course_id, semester, year) VALUES (31, 31, 'Fall', 2025);
INSERT INTO CourseOffering (offering_id, course_id, semester, year) VALUES (32, 32, 'Fall', 2022);
INSERT INTO CourseOffering (offering_id, course_id, semester, year) VALUES (33, 33, 'Fall', 2026);
INSERT INTO CourseOffering (offering_id, course_id, semester, year) VALUES (34, 34, 'Spring', 2023);
INSERT INTO CourseOffering (offering_id, course_id, semester, year) VALUES (35, 35, 'Spring', 2022);
INSERT INTO CourseOffering (offering_id, course_id, semester, year) VALUES (36, 16, 'Spring', 2024);
INSERT INTO CourseOffering (offering_id, course_id, semester, year) VALUES (37, 11, 'Spring', 2026);
INSERT INTO CourseOffering (offering_id, course_id, semester, year) VALUES (38, 20, 'Fall', 2026);
INSERT INTO CourseOffering (offering_id, course_id, semester, year) VALUES (39, 10, 'Spring', 2024);
INSERT INTO CourseOffering (offering_id, course_id, semester, year) VALUES (40, 14, 'Spring', 2023);
INSERT INTO CourseOffering (offering_id, course_id, semester, year) VALUES (41, 17, 'Spring', 2024);
INSERT INTO CourseOffering (offering_id, course_id, semester, year) VALUES (42, 4, 'Fall', 2025);
INSERT INTO CourseOffering (offering_id, course_id, semester, year) VALUES (43, 18, 'Fall', 2022);
INSERT INTO CourseOffering (offering_id, course_id, semester, year) VALUES (44, 22, 'Fall', 2024);
INSERT INTO CourseOffering (offering_id, course_id, semester, year) VALUES (45, 28, 'Fall', 2022);
INSERT INTO CourseOffering (offering_id, course_id, semester, year) VALUES (46, 5, 'Fall', 2026);
INSERT INTO CourseOffering (offering_id, course_id, semester, year) VALUES (47, 3, 'Spring', 2026);
INSERT INTO CourseOffering (offering_id, course_id, semester, year) VALUES (48, 10, 'Spring', 2023);
INSERT INTO CourseOffering (offering_id, course_id, semester, year) VALUES (49, 3, 'Spring', 2024);
INSERT INTO CourseOffering (offering_id, course_id, semester, year) VALUES (50, 3, 'Spring', 2023);
INSERT INTO CourseOffering (offering_id, course_id, semester, year) VALUES (51, 16, 'Fall', 2024);
INSERT INTO CourseOffering (offering_id, course_id, semester, year) VALUES (52, 27, 'Fall', 2023);
INSERT INTO CourseOffering (offering_id, course_id, semester, year) VALUES (53, 11, 'Fall', 2025);
INSERT INTO CourseOffering (offering_id, course_id, semester, year) VALUES (54, 2, 'Fall', 2024);
INSERT INTO CourseOffering (offering_id, course_id, semester, year) VALUES (55, 13, 'Spring', 2024);
INSERT INTO CourseOffering (offering_id, course_id, semester, year) VALUES (56, 2, 'Fall', 2025);
INSERT INTO CourseOffering (offering_id, course_id, semester, year) VALUES (57, 22, 'Spring', 2022);
INSERT INTO CourseOffering (offering_id, course_id, semester, year) VALUES (58, 18, 'Spring', 2026);
INSERT INTO CourseOffering (offering_id, course_id, semester, year) VALUES (59, 26, 'Spring', 2022);
INSERT INTO CourseOffering (offering_id, course_id, semester, year) VALUES (60, 8, 'Spring', 2023);
INSERT INTO CourseOffering (offering_id, course_id, semester, year) VALUES (61, 28, 'Spring', 2024);
INSERT INTO CourseOffering (offering_id, course_id, semester, year) VALUES (62, 28, 'Fall', 2025);
INSERT INTO CourseOffering (offering_id, course_id, semester, year) VALUES (63, 13, 'Spring', 2022);
INSERT INTO CourseOffering (offering_id, course_id, semester, year) VALUES (64, 28, 'Fall', 2026);
INSERT INTO CourseOffering (offering_id, course_id, semester, year) VALUES (65, 35, 'Fall', 2024);

-- ProfessorOffering
INSERT INTO ProfessorOffering (professor_id, offering_id) VALUES (28, 1);
INSERT INTO ProfessorOffering (professor_id, offering_id) VALUES (5, 2);
INSERT INTO ProfessorOffering (professor_id, offering_id) VALUES (22, 3);
INSERT INTO ProfessorOffering (professor_id, offering_id) VALUES (21, 4);
INSERT INTO ProfessorOffering (professor_id, offering_id) VALUES (8, 5);
INSERT INTO ProfessorOffering (professor_id, offering_id) VALUES (20, 6);
INSERT INTO ProfessorOffering (professor_id, offering_id) VALUES (33, 7);
INSERT INTO ProfessorOffering (professor_id, offering_id) VALUES (20, 8);
INSERT INTO ProfessorOffering (professor_id, offering_id) VALUES (27, 9);
INSERT INTO ProfessorOffering (professor_id, offering_id) VALUES (21, 10);
INSERT INTO ProfessorOffering (professor_id, offering_id) VALUES (26, 11);
INSERT INTO ProfessorOffering (professor_id, offering_id) VALUES (19, 12);
INSERT INTO ProfessorOffering (professor_id, offering_id) VALUES (9, 13);
INSERT INTO ProfessorOffering (professor_id, offering_id) VALUES (13, 14);
INSERT INTO ProfessorOffering (professor_id, offering_id) VALUES (27, 15);
INSERT INTO ProfessorOffering (professor_id, offering_id) VALUES (25, 16);
INSERT INTO ProfessorOffering (professor_id, offering_id) VALUES (12, 17);
INSERT INTO ProfessorOffering (professor_id, offering_id) VALUES (20, 18);
INSERT INTO ProfessorOffering (professor_id, offering_id) VALUES (26, 19);
INSERT INTO ProfessorOffering (professor_id, offering_id) VALUES (1, 20);
INSERT INTO ProfessorOffering (professor_id, offering_id) VALUES (20, 21);
INSERT INTO ProfessorOffering (professor_id, offering_id) VALUES (19, 22);
INSERT INTO ProfessorOffering (professor_id, offering_id) VALUES (14, 23);
INSERT INTO ProfessorOffering (professor_id, offering_id) VALUES (28, 24);
INSERT INTO ProfessorOffering (professor_id, offering_id) VALUES (21, 25);
INSERT INTO ProfessorOffering (professor_id, offering_id) VALUES (30, 26);
INSERT INTO ProfessorOffering (professor_id, offering_id) VALUES (29, 27);
INSERT INTO ProfessorOffering (professor_id, offering_id) VALUES (29, 28);
INSERT INTO ProfessorOffering (professor_id, offering_id) VALUES (14, 29);
INSERT INTO ProfessorOffering (professor_id, offering_id) VALUES (33, 30);
INSERT INTO ProfessorOffering (professor_id, offering_id) VALUES (31, 31);
INSERT INTO ProfessorOffering (professor_id, offering_id) VALUES (11, 32);
INSERT INTO ProfessorOffering (professor_id, offering_id) VALUES (6, 33);
INSERT INTO ProfessorOffering (professor_id, offering_id) VALUES (19, 34);
INSERT INTO ProfessorOffering (professor_id, offering_id) VALUES (33, 35);
INSERT INTO ProfessorOffering (professor_id, offering_id) VALUES (22, 36);
INSERT INTO ProfessorOffering (professor_id, offering_id) VALUES (6, 37);
INSERT INTO ProfessorOffering (professor_id, offering_id) VALUES (16, 38);
INSERT INTO ProfessorOffering (professor_id, offering_id) VALUES (20, 39);
INSERT INTO ProfessorOffering (professor_id, offering_id) VALUES (15, 40);
INSERT INTO ProfessorOffering (professor_id, offering_id) VALUES (13, 41);
INSERT INTO ProfessorOffering (professor_id, offering_id) VALUES (10, 42);
INSERT INTO ProfessorOffering (professor_id, offering_id) VALUES (2, 43);
INSERT INTO ProfessorOffering (professor_id, offering_id) VALUES (3, 44);
INSERT INTO ProfessorOffering (professor_id, offering_id) VALUES (16, 45);
INSERT INTO ProfessorOffering (professor_id, offering_id) VALUES (31, 46);
INSERT INTO ProfessorOffering (professor_id, offering_id) VALUES (5, 47);
INSERT INTO ProfessorOffering (professor_id, offering_id) VALUES (30, 48);
INSERT INTO ProfessorOffering (professor_id, offering_id) VALUES (27, 49);
INSERT INTO ProfessorOffering (professor_id, offering_id) VALUES (13, 50);
INSERT INTO ProfessorOffering (professor_id, offering_id) VALUES (25, 51);
INSERT INTO ProfessorOffering (professor_id, offering_id) VALUES (32, 52);
INSERT INTO ProfessorOffering (professor_id, offering_id) VALUES (26, 53);
INSERT INTO ProfessorOffering (professor_id, offering_id) VALUES (16, 54);
INSERT INTO ProfessorOffering (professor_id, offering_id) VALUES (10, 55);
INSERT INTO ProfessorOffering (professor_id, offering_id) VALUES (1, 56);
INSERT INTO ProfessorOffering (professor_id, offering_id) VALUES (7, 57);
INSERT INTO ProfessorOffering (professor_id, offering_id) VALUES (28, 58);
INSERT INTO ProfessorOffering (professor_id, offering_id) VALUES (15, 59);
INSERT INTO ProfessorOffering (professor_id, offering_id) VALUES (12, 60);
INSERT INTO ProfessorOffering (professor_id, offering_id) VALUES (34, 61);
INSERT INTO ProfessorOffering (professor_id, offering_id) VALUES (30, 62);
INSERT INTO ProfessorOffering (professor_id, offering_id) VALUES (4, 63);
INSERT INTO ProfessorOffering (professor_id, offering_id) VALUES (16, 64);
INSERT INTO ProfessorOffering (professor_id, offering_id) VALUES (8, 65);
INSERT INTO ProfessorOffering (professor_id, offering_id) VALUES (30, 18);
INSERT INTO ProfessorOffering (professor_id, offering_id) VALUES (30, 41);
INSERT INTO ProfessorOffering (professor_id, offering_id) VALUES (29, 65);
INSERT INTO ProfessorOffering (professor_id, offering_id) VALUES (11, 61);
INSERT INTO ProfessorOffering (professor_id, offering_id) VALUES (29, 34);
INSERT INTO ProfessorOffering (professor_id, offering_id) VALUES (16, 36);
INSERT INTO ProfessorOffering (professor_id, offering_id) VALUES (34, 63);
INSERT INTO ProfessorOffering (professor_id, offering_id) VALUES (29, 10);
INSERT INTO ProfessorOffering (professor_id, offering_id) VALUES (19, 31);
INSERT INTO ProfessorOffering (professor_id, offering_id) VALUES (18, 43);
INSERT INTO ProfessorOffering (professor_id, offering_id) VALUES (21, 11);
INSERT INTO ProfessorOffering (professor_id, offering_id) VALUES (9, 20);
INSERT INTO ProfessorOffering (professor_id, offering_id) VALUES (15, 50);
INSERT INTO ProfessorOffering (professor_id, offering_id) VALUES (10, 28);
INSERT INTO ProfessorOffering (professor_id, offering_id) VALUES (5, 54);
INSERT INTO ProfessorOffering (professor_id, offering_id) VALUES (27, 43);
INSERT INTO ProfessorOffering (professor_id, offering_id) VALUES (35, 60);
INSERT INTO ProfessorOffering (professor_id, offering_id) VALUES (27, 8);
INSERT INTO ProfessorOffering (professor_id, offering_id) VALUES (14, 54);
INSERT INTO ProfessorOffering (professor_id, offering_id) VALUES (25, 3);
INSERT INTO ProfessorOffering (professor_id, offering_id) VALUES (25, 62);
INSERT INTO ProfessorOffering (professor_id, offering_id) VALUES (1, 46);
INSERT INTO ProfessorOffering (professor_id, offering_id) VALUES (20, 50);
INSERT INTO ProfessorOffering (professor_id, offering_id) VALUES (27, 29);
INSERT INTO ProfessorOffering (professor_id, offering_id) VALUES (32, 29);
INSERT INTO ProfessorOffering (professor_id, offering_id) VALUES (18, 56);
INSERT INTO ProfessorOffering (professor_id, offering_id) VALUES (32, 4);
INSERT INTO ProfessorOffering (professor_id, offering_id) VALUES (25, 44);
INSERT INTO ProfessorOffering (professor_id, offering_id) VALUES (26, 22);
INSERT INTO ProfessorOffering (professor_id, offering_id) VALUES (30, 17);
INSERT INTO ProfessorOffering (professor_id, offering_id) VALUES (35, 4);
INSERT INTO ProfessorOffering (professor_id, offering_id) VALUES (26, 4);
INSERT INTO ProfessorOffering (professor_id, offering_id) VALUES (6, 55);
INSERT INTO ProfessorOffering (professor_id, offering_id) VALUES (9, 60);
INSERT INTO ProfessorOffering (professor_id, offering_id) VALUES (12, 7);
INSERT INTO ProfessorOffering (professor_id, offering_id) VALUES (17, 49);
INSERT INTO ProfessorOffering (professor_id, offering_id) VALUES (21, 28);
INSERT INTO ProfessorOffering (professor_id, offering_id) VALUES (30, 42);
INSERT INTO ProfessorOffering (professor_id, offering_id) VALUES (22, 49);
INSERT INTO ProfessorOffering (professor_id, offering_id) VALUES (18, 54);
INSERT INTO ProfessorOffering (professor_id, offering_id) VALUES (17, 11);
INSERT INTO ProfessorOffering (professor_id, offering_id) VALUES (31, 3);
INSERT INTO ProfessorOffering (professor_id, offering_id) VALUES (35, 7);
INSERT INTO ProfessorOffering (professor_id, offering_id) VALUES (23, 29);
INSERT INTO ProfessorOffering (professor_id, offering_id) VALUES (5, 6);
INSERT INTO ProfessorOffering (professor_id, offering_id) VALUES (2, 32);
INSERT INTO ProfessorOffering (professor_id, offering_id) VALUES (13, 3);
INSERT INTO ProfessorOffering (professor_id, offering_id) VALUES (10, 31);
INSERT INTO ProfessorOffering (professor_id, offering_id) VALUES (9, 61);
INSERT INTO ProfessorOffering (professor_id, offering_id) VALUES (8, 28);
INSERT INTO ProfessorOffering (professor_id, offering_id) VALUES (30, 33);
INSERT INTO ProfessorOffering (professor_id, offering_id) VALUES (24, 22);
INSERT INTO ProfessorOffering (professor_id, offering_id) VALUES (8, 21);
INSERT INTO ProfessorOffering (professor_id, offering_id) VALUES (20, 14);
INSERT INTO ProfessorOffering (professor_id, offering_id) VALUES (2, 40);
INSERT INTO ProfessorOffering (professor_id, offering_id) VALUES (13, 10);
INSERT INTO ProfessorOffering (professor_id, offering_id) VALUES (16, 14);
INSERT INTO ProfessorOffering (professor_id, offering_id) VALUES (20, 16);
INSERT INTO ProfessorOffering (professor_id, offering_id) VALUES (3, 45);
INSERT INTO ProfessorOffering (professor_id, offering_id) VALUES (35, 55);
INSERT INTO ProfessorOffering (professor_id, offering_id) VALUES (24, 9);
INSERT INTO ProfessorOffering (professor_id, offering_id) VALUES (33, 44);
INSERT INTO ProfessorOffering (professor_id, offering_id) VALUES (1, 54);
INSERT INTO ProfessorOffering (professor_id, offering_id) VALUES (32, 14);
INSERT INTO ProfessorOffering (professor_id, offering_id) VALUES (28, 47);

-- Review
INSERT INTO Review (review_id, student_id, offering_id, comment_text, review_date, difficulty_score, workload_score, clarity_score, satisfaction_score, fairness_score, attendance_required, weekly_hours, status) VALUES (1, 30, 20, 'Hard citizen street region particularly. Account stage federal professional voice care break.', '2026-02-06', 4, 2, 5, 3, 5, FALSE, 10.4, 'approved');
INSERT INTO Review (review_id, student_id, offering_id, comment_text, review_date, difficulty_score, workload_score, clarity_score, satisfaction_score, fairness_score, attendance_required, weekly_hours, status) VALUES (2, 16, 12, 'Choice example decision garden reach table measure. Town suffer begin interest everybody.', '2024-10-09', 3, 4, 2, 4, 5, FALSE, 8.1, 'approved');
INSERT INTO Review (review_id, student_id, offering_id, comment_text, review_date, difficulty_score, workload_score, clarity_score, satisfaction_score, fairness_score, attendance_required, weekly_hours, status) VALUES (3, 32, 28, 'Side PM energy scientist necessary into.', '2024-11-24', 3, 3, 3, 3, 5, FALSE, 12.0, 'rejected');
INSERT INTO Review (review_id, student_id, offering_id, comment_text, review_date, difficulty_score, workload_score, clarity_score, satisfaction_score, fairness_score, attendance_required, weekly_hours, status) VALUES (4, 16, 53, 'Away third tough nation. Old challenge camera final together someone. Together decide economic.', '2022-07-10', 4, 5, 2, 4, 4, FALSE, 16.3, 'approved');
INSERT INTO Review (review_id, student_id, offering_id, comment_text, review_date, difficulty_score, workload_score, clarity_score, satisfaction_score, fairness_score, attendance_required, weekly_hours, status) VALUES (5, 16, 40, 'Sister this image per choice upon. Wish specific thing agent.', '2026-03-08', 5, 3, 4, 5, 5, FALSE, 9.7, 'approved');
INSERT INTO Review (review_id, student_id, offering_id, comment_text, review_date, difficulty_score, workload_score, clarity_score, satisfaction_score, fairness_score, attendance_required, weekly_hours, status) VALUES (6, 30, 35, 'Soon ten specific environment skin blue. Teach develop staff. Glass star the development process huge everything.', '2025-01-02', 3, 3, 2, 1, 2, FALSE, 4.2, 'rejected');
INSERT INTO Review (review_id, student_id, offering_id, comment_text, review_date, difficulty_score, workload_score, clarity_score, satisfaction_score, fairness_score, attendance_required, weekly_hours, status) VALUES (7, 13, 28, 'Go meeting quickly such former. Boy wife condition.', '2023-02-02', 4, 3, 5, 5, 5, FALSE, 19.6, 'approved');
INSERT INTO Review (review_id, student_id, offering_id, comment_text, review_date, difficulty_score, workload_score, clarity_score, satisfaction_score, fairness_score, attendance_required, weekly_hours, status) VALUES (8, 12, 39, 'Board its rock. Job worker break tonight couple and. Ability understand Mrs rest score provide. Issue we TV perhaps professional by.', '2025-11-29', 1, 5, 2, 3, 1, TRUE, 12.0, 'rejected');
INSERT INTO Review (review_id, student_id, offering_id, comment_text, review_date, difficulty_score, workload_score, clarity_score, satisfaction_score, fairness_score, attendance_required, weekly_hours, status) VALUES (9, 7, 2, 'Finally impact I fast camera inside wait. Past feeling nature a. Decision size parent focus kid. Memory soldier where save probably.', '2022-04-16', 5, 3, 4, 4, 4, FALSE, 5.3, 'approved');
INSERT INTO Review (review_id, student_id, offering_id, comment_text, review_date, difficulty_score, workload_score, clarity_score, satisfaction_score, fairness_score, attendance_required, weekly_hours, status) VALUES (10, 8, 9, 'Professional people behavior weight dog financial southern.', '2025-02-26', 4, 4, 1, 5, 1, TRUE, 4.7, 'rejected');
INSERT INTO Review (review_id, student_id, offering_id, comment_text, review_date, difficulty_score, workload_score, clarity_score, satisfaction_score, fairness_score, attendance_required, weekly_hours, status) VALUES (11, 16, 16, 'Animal worker particularly. Lay though offer responsibility. Manager during prevent accept seem show.', '2024-02-19', 5, 4, 5, 5, 5, TRUE, 16.0, 'approved');
INSERT INTO Review (review_id, student_id, offering_id, comment_text, review_date, difficulty_score, workload_score, clarity_score, satisfaction_score, fairness_score, attendance_required, weekly_hours, status) VALUES (12, 20, 55, 'Despite sound receive let newspaper true. Lead soon property write.', '2023-03-02', 3, 5, 5, 1, 5, TRUE, 19.1, 'approved');
INSERT INTO Review (review_id, student_id, offering_id, comment_text, review_date, difficulty_score, workload_score, clarity_score, satisfaction_score, fairness_score, attendance_required, weekly_hours, status) VALUES (13, 6, 21, 'Wear through partner rest measure store. Knowledge city technology late seem style everyone. Machine dream key require doctor from throw. Catch discuss really relationship. Increase former letter artist.', '2025-11-12', 2, 2, 5, 1, 2, TRUE, 9.4, 'approved');
INSERT INTO Review (review_id, student_id, offering_id, comment_text, review_date, difficulty_score, workload_score, clarity_score, satisfaction_score, fairness_score, attendance_required, weekly_hours, status) VALUES (14, 3, 30, 'Toward once receive task she herself. Wall fear hope. Mrs same son today major event.', '2025-07-04', 3, 3, 4, 1, 2, FALSE, 16.2, 'approved');
INSERT INTO Review (review_id, student_id, offering_id, comment_text, review_date, difficulty_score, workload_score, clarity_score, satisfaction_score, fairness_score, attendance_required, weekly_hours, status) VALUES (15, 28, 15, 'Home protect something. Subject try wonder move. Option production base investment term consider. Here deep force seven here.', '2023-09-22', 5, 2, 2, 3, 2, TRUE, 3.1, 'approved');
INSERT INTO Review (review_id, student_id, offering_id, comment_text, review_date, difficulty_score, workload_score, clarity_score, satisfaction_score, fairness_score, attendance_required, weekly_hours, status) VALUES (16, 29, 16, 'Strong like see appear weight. Practice sit prepare senior wear. Stuff perform draw list boy. Let eight hard paper white. Sing clearly find official.', '2025-05-09', 4, 3, 4, 3, 5, FALSE, 9.9, 'approved');
INSERT INTO Review (review_id, student_id, offering_id, comment_text, review_date, difficulty_score, workload_score, clarity_score, satisfaction_score, fairness_score, attendance_required, weekly_hours, status) VALUES (17, 21, 33, 'Quality when however resource away real physical.', '2025-10-08', 1, 1, 2, 5, 5, TRUE, 20.0, 'approved');
INSERT INTO Review (review_id, student_id, offering_id, comment_text, review_date, difficulty_score, workload_score, clarity_score, satisfaction_score, fairness_score, attendance_required, weekly_hours, status) VALUES (18, 12, 61, 'Sure outside building worker site. Mouth product attention positive actually information. Black whether player stock religious itself safe.', '2024-10-04', 5, 4, 3, 2, 5, FALSE, 13.4, 'rejected');
INSERT INTO Review (review_id, student_id, offering_id, comment_text, review_date, difficulty_score, workload_score, clarity_score, satisfaction_score, fairness_score, attendance_required, weekly_hours, status) VALUES (19, 23, 53, 'Space Mrs low itself room environmental system store. Everything late seek now. From management foot maintain great election. They red everybody act way.', '2023-08-14', 3, 3, 1, 2, 3, FALSE, 14.5, 'approved');
INSERT INTO Review (review_id, student_id, offering_id, comment_text, review_date, difficulty_score, workload_score, clarity_score, satisfaction_score, fairness_score, attendance_required, weekly_hours, status) VALUES (20, 3, 59, 'Result major serve real position. Large admit family identify during professional hard. Most international second former reflect even edge.', '2022-01-03', 1, 3, 3, 3, 1, FALSE, 17.6, 'approved');
INSERT INTO Review (review_id, student_id, offering_id, comment_text, review_date, difficulty_score, workload_score, clarity_score, satisfaction_score, fairness_score, attendance_required, weekly_hours, status) VALUES (21, 27, 7, 'Firm sea week real course. Everybody operation set others wonder strategy fast.', '2023-02-21', 2, 5, 3, 5, 4, FALSE, 15.7, 'approved');
INSERT INTO Review (review_id, student_id, offering_id, comment_text, review_date, difficulty_score, workload_score, clarity_score, satisfaction_score, fairness_score, attendance_required, weekly_hours, status) VALUES (22, 19, 57, 'Few remain call animal. Network recently call.', '2022-01-29', 4, 1, 1, 5, 2, TRUE, 7.6, 'approved');
INSERT INTO Review (review_id, student_id, offering_id, comment_text, review_date, difficulty_score, workload_score, clarity_score, satisfaction_score, fairness_score, attendance_required, weekly_hours, status) VALUES (23, 15, 15, 'Their off light key. Whole education technology box. Husband available picture approach.', '2024-09-15', 4, 1, 2, 4, 3, FALSE, 9.5, 'rejected');
INSERT INTO Review (review_id, student_id, offering_id, comment_text, review_date, difficulty_score, workload_score, clarity_score, satisfaction_score, fairness_score, attendance_required, weekly_hours, status) VALUES (24, 30, 19, 'We be easy newspaper indicate other peace. Herself training father open investment notice art. Way debate decision produce.', '2024-04-29', 4, 2, 5, 5, 2, TRUE, 7.0, 'approved');
INSERT INTO Review (review_id, student_id, offering_id, comment_text, review_date, difficulty_score, workload_score, clarity_score, satisfaction_score, fairness_score, attendance_required, weekly_hours, status) VALUES (25, 1, 37, 'Community avoid able late order. Allow explain executive teacher author. Under skin person product value. Boy different chance enter central arrive.', '2023-12-08', 3, 5, 5, 4, 2, FALSE, 11.7, 'approved');
INSERT INTO Review (review_id, student_id, offering_id, comment_text, review_date, difficulty_score, workload_score, clarity_score, satisfaction_score, fairness_score, attendance_required, weekly_hours, status) VALUES (26, 30, 42, 'See notice eye buy read record wall matter. Just our threat same page ago director. Onto again share start office several compare. Prepare trouble consider one play man before.', '2026-03-06', 2, 2, 5, 4, 2, FALSE, 2.8, 'approved');
INSERT INTO Review (review_id, student_id, offering_id, comment_text, review_date, difficulty_score, workload_score, clarity_score, satisfaction_score, fairness_score, attendance_required, weekly_hours, status) VALUES (27, 25, 20, 'Four prove tax form really explain. Spend nearly lawyer fire follow wife. Ten stay ability thank left approach. Gun series personal service data near until. Thing machine ahead picture son report.', '2024-06-20', 4, 1, 2, 5, 5, FALSE, 17.7, 'approved');
INSERT INTO Review (review_id, student_id, offering_id, comment_text, review_date, difficulty_score, workload_score, clarity_score, satisfaction_score, fairness_score, attendance_required, weekly_hours, status) VALUES (28, 1, 19, 'Add impact different success box water positive. Marriage respond meeting event. Woman during necessary himself two meet these.', '2024-03-25', 4, 2, 1, 4, 3, FALSE, 13.2, 'approved');
INSERT INTO Review (review_id, student_id, offering_id, comment_text, review_date, difficulty_score, workload_score, clarity_score, satisfaction_score, fairness_score, attendance_required, weekly_hours, status) VALUES (29, 35, 49, 'Significant take future skin environment. Executive fear only.', '2025-11-02', 3, 4, 5, 1, 5, TRUE, 6.2, 'rejected');
INSERT INTO Review (review_id, student_id, offering_id, comment_text, review_date, difficulty_score, workload_score, clarity_score, satisfaction_score, fairness_score, attendance_required, weekly_hours, status) VALUES (30, 6, 56, 'Land machine forward several. Lay focus country recently occur do. Analysis seat relate specific history professional. Manager already maybe opportunity.', '2022-04-25', 1, 1, 4, 2, 3, TRUE, 2.8, 'approved');
INSERT INTO Review (review_id, student_id, offering_id, comment_text, review_date, difficulty_score, workload_score, clarity_score, satisfaction_score, fairness_score, attendance_required, weekly_hours, status) VALUES (31, 28, 19, 'Between treat address century that wide. Light wide full realize.', '2025-06-02', 2, 5, 4, 5, 2, TRUE, 5.2, 'approved');
INSERT INTO Review (review_id, student_id, offering_id, comment_text, review_date, difficulty_score, workload_score, clarity_score, satisfaction_score, fairness_score, attendance_required, weekly_hours, status) VALUES (32, 32, 19, 'System teacher here first responsibility service. Along attention piece TV young section its.', '2024-08-10', 2, 4, 3, 4, 3, TRUE, 18.2, 'rejected');
INSERT INTO Review (review_id, student_id, offering_id, comment_text, review_date, difficulty_score, workload_score, clarity_score, satisfaction_score, fairness_score, attendance_required, weekly_hours, status) VALUES (33, 5, 57, 'Kitchen really tough animal. Fall hear certainly most. Radio conference company participant him raise marriage.', '2023-02-12', 3, 5, 3, 4, 3, FALSE, 17.2, 'rejected');
INSERT INTO Review (review_id, student_id, offering_id, comment_text, review_date, difficulty_score, workload_score, clarity_score, satisfaction_score, fairness_score, attendance_required, weekly_hours, status) VALUES (34, 7, 31, 'Discussion point least project. Top quality citizen kid generation onto police.', '2025-09-10', 4, 5, 3, 5, 3, FALSE, 2.4, 'approved');
INSERT INTO Review (review_id, student_id, offering_id, comment_text, review_date, difficulty_score, workload_score, clarity_score, satisfaction_score, fairness_score, attendance_required, weekly_hours, status) VALUES (35, 4, 64, 'Lead few yourself table blood. Occur offer yeah far within probably. Account ten sing wind treat.', '2025-10-20', 3, 2, 5, 3, 2, TRUE, 13.2, 'approved');
INSERT INTO Review (review_id, student_id, offering_id, comment_text, review_date, difficulty_score, workload_score, clarity_score, satisfaction_score, fairness_score, attendance_required, weekly_hours, status) VALUES (36, 7, 6, 'Simply discover soon despite couple. Question return process stuff pick. Position final kid often run bed far section. Customer skill theory hand. Tree store either station loss southern second. Sound life away senior difficult put.', '2023-08-28', 3, 4, 1, 5, 3, TRUE, 3.6, 'approved');
INSERT INTO Review (review_id, student_id, offering_id, comment_text, review_date, difficulty_score, workload_score, clarity_score, satisfaction_score, fairness_score, attendance_required, weekly_hours, status) VALUES (37, 12, 26, 'Hand so add Mr lawyer pull public. Herself police he push likely people wall foreign. Determine as statement travel few impact cause watch. You break doctor Mr home. Provide sea watch industry score choice.', '2023-06-11', 2, 5, 3, 5, 5, FALSE, 16.9, 'rejected');
INSERT INTO Review (review_id, student_id, offering_id, comment_text, review_date, difficulty_score, workload_score, clarity_score, satisfaction_score, fairness_score, attendance_required, weekly_hours, status) VALUES (38, 19, 44, 'Street past voice evidence. Describe know door guy wonder happen. Art every why we station begin. Politics others again skill during. Skin day stop never.', '2025-02-15', 1, 4, 1, 2, 2, FALSE, 19.4, 'approved');
INSERT INTO Review (review_id, student_id, offering_id, comment_text, review_date, difficulty_score, workload_score, clarity_score, satisfaction_score, fairness_score, attendance_required, weekly_hours, status) VALUES (39, 1, 34, 'Spend do similar small other. Teach certain candidate economy company. Capital group small. Food company appear score moment second live sing.', '2024-01-31', 5, 1, 4, 3, 3, FALSE, 16.8, 'approved');
INSERT INTO Review (review_id, student_id, offering_id, comment_text, review_date, difficulty_score, workload_score, clarity_score, satisfaction_score, fairness_score, attendance_required, weekly_hours, status) VALUES (40, 31, 4, 'Board mean war analysis situation term miss leader. Article look husband. Make travel available ball. Chance call person one Republican herself our far. Painting between reduce table prepare shoulder result.', '2024-08-08', 5, 5, 3, 5, 2, TRUE, 13.4, 'rejected');
INSERT INTO Review (review_id, student_id, offering_id, comment_text, review_date, difficulty_score, workload_score, clarity_score, satisfaction_score, fairness_score, attendance_required, weekly_hours, status) VALUES (41, 27, 15, 'Later direction fund law indeed believe. Fine effort well rather listen before. Behavior benefit school speech. Art what no prove improve them wait.', '2025-01-05', 2, 1, 1, 3, 4, TRUE, 3.7, 'approved');
INSERT INTO Review (review_id, student_id, offering_id, comment_text, review_date, difficulty_score, workload_score, clarity_score, satisfaction_score, fairness_score, attendance_required, weekly_hours, status) VALUES (42, 24, 54, 'Why outside goal. Medical choice lot suggest glass news boy. Off southern suddenly window stand. Push news participant price really ahead event several.', '2023-07-27', 5, 2, 4, 1, 4, FALSE, 18.9, 'approved');
INSERT INTO Review (review_id, student_id, offering_id, comment_text, review_date, difficulty_score, workload_score, clarity_score, satisfaction_score, fairness_score, attendance_required, weekly_hours, status) VALUES (43, 14, 57, 'Accept thank not husband center plan. Begin most heavy.', '2023-07-20', 4, 2, 3, 1, 3, FALSE, 3.1, 'approved');
INSERT INTO Review (review_id, student_id, offering_id, comment_text, review_date, difficulty_score, workload_score, clarity_score, satisfaction_score, fairness_score, attendance_required, weekly_hours, status) VALUES (44, 30, 12, 'Church find food walk other third. Church pay purpose evening. Magazine kind event sense box involve.', '2025-03-02', 2, 5, 1, 1, 3, TRUE, 19.8, 'approved');
INSERT INTO Review (review_id, student_id, offering_id, comment_text, review_date, difficulty_score, workload_score, clarity_score, satisfaction_score, fairness_score, attendance_required, weekly_hours, status) VALUES (45, 14, 30, 'Main project animal house out account feeling deep. Share face build market.', '2025-01-11', 3, 2, 5, 1, 3, TRUE, 19.8, 'approved');
INSERT INTO Review (review_id, student_id, offering_id, comment_text, review_date, difficulty_score, workload_score, clarity_score, satisfaction_score, fairness_score, attendance_required, weekly_hours, status) VALUES (46, 8, 4, 'Can mouth discover next. Author technology amount affect TV television. Investment identify policy face if whom commercial. Least ready gun join black job hundred bad. Second develop single baby plan.', '2023-06-28', 2, 1, 3, 2, 5, FALSE, 2.3, 'approved');
INSERT INTO Review (review_id, student_id, offering_id, comment_text, review_date, difficulty_score, workload_score, clarity_score, satisfaction_score, fairness_score, attendance_required, weekly_hours, status) VALUES (47, 34, 15, 'Create simply go when population challenge bill. Culture own set pretty concern.', '2023-03-30', 1, 4, 4, 3, 5, TRUE, 10.1, 'rejected');
INSERT INTO Review (review_id, student_id, offering_id, comment_text, review_date, difficulty_score, workload_score, clarity_score, satisfaction_score, fairness_score, attendance_required, weekly_hours, status) VALUES (48, 34, 39, 'Less nor often race think poor worry. Ten physical character attention kind field. Option goal avoid left also. Story baby ten talk past medical. Oil west school American training occur could. Little character artist billion tonight gas research mean. Always remain yard model.', '2024-10-01', 4, 1, 1, 4, 4, FALSE, 14.3, 'approved');
INSERT INTO Review (review_id, student_id, offering_id, comment_text, review_date, difficulty_score, workload_score, clarity_score, satisfaction_score, fairness_score, attendance_required, weekly_hours, status) VALUES (49, 5, 11, 'Hair truth hold simple. Appear piece free form newspaper hit edge surface. Their four old center glass whose recognize hot. Remember be next poor foreign campaign reflect water. Behavior provide meet adult final week game.', '2025-04-13', 3, 5, 2, 1, 2, FALSE, 13.2, 'approved');
INSERT INTO Review (review_id, student_id, offering_id, comment_text, review_date, difficulty_score, workload_score, clarity_score, satisfaction_score, fairness_score, attendance_required, weekly_hours, status) VALUES (50, 25, 38, 'Difficult case baby such big. Strong this also from short capital heavy. Congress realize person total.', '2025-08-26', 4, 5, 5, 4, 1, TRUE, 17.4, 'approved');
INSERT INTO Review (review_id, student_id, offering_id, comment_text, review_date, difficulty_score, workload_score, clarity_score, satisfaction_score, fairness_score, attendance_required, weekly_hours, status) VALUES (51, 28, 58, 'Improve put down. Particular sell six doctor dream whole. Tough create question now key show sing. Month whom stage soon catch economic political.', '2023-10-03', 2, 4, 3, 4, 4, FALSE, 15.1, 'approved');
INSERT INTO Review (review_id, student_id, offering_id, comment_text, review_date, difficulty_score, workload_score, clarity_score, satisfaction_score, fairness_score, attendance_required, weekly_hours, status) VALUES (52, 24, 20, 'Various represent middle by base civil last. Challenge join watch develop later glass ago. How hear history.', '2026-02-22', 4, 1, 1, 1, 1, FALSE, 3.7, 'approved');
INSERT INTO Review (review_id, student_id, offering_id, comment_text, review_date, difficulty_score, workload_score, clarity_score, satisfaction_score, fairness_score, attendance_required, weekly_hours, status) VALUES (53, 4, 43, 'Different five between research friend certainly. Expert stop receive.', '2023-12-22', 1, 4, 3, 4, 1, FALSE, 12.8, 'approved');
INSERT INTO Review (review_id, student_id, offering_id, comment_text, review_date, difficulty_score, workload_score, clarity_score, satisfaction_score, fairness_score, attendance_required, weekly_hours, status) VALUES (54, 10, 62, 'Large accept bad eight strong nature road. Institution simply down business draw police performance. Book toward others administration.', '2025-03-21', 2, 1, 3, 5, 3, TRUE, 15.7, 'approved');
INSERT INTO Review (review_id, student_id, offering_id, comment_text, review_date, difficulty_score, workload_score, clarity_score, satisfaction_score, fairness_score, attendance_required, weekly_hours, status) VALUES (55, 2, 35, 'Drop century investment pass drive indicate professor. Model guess well name. Never hospital like player wonder effect administration. General run pick sign. Card good full poor store range. Place specific as simply leader fall analysis.', '2022-10-21', 1, 2, 3, 3, 3, FALSE, 2.1, 'approved');
INSERT INTO Review (review_id, student_id, offering_id, comment_text, review_date, difficulty_score, workload_score, clarity_score, satisfaction_score, fairness_score, attendance_required, weekly_hours, status) VALUES (56, 5, 19, 'Firm financial huge. List already positive experience television answer pretty. Buy happy threat sea thus.', '2022-11-19', 1, 1, 5, 2, 4, FALSE, 10.2, 'approved');
INSERT INTO Review (review_id, student_id, offering_id, comment_text, review_date, difficulty_score, workload_score, clarity_score, satisfaction_score, fairness_score, attendance_required, weekly_hours, status) VALUES (57, 6, 7, 'Wind many marriage under mind song. Bad own state nation fly bag. Fill owner international ready goal. Risk treatment past. Ever woman way avoid point guy.', '2024-05-18', 2, 2, 5, 1, 1, FALSE, 10.0, 'approved');
INSERT INTO Review (review_id, student_id, offering_id, comment_text, review_date, difficulty_score, workload_score, clarity_score, satisfaction_score, fairness_score, attendance_required, weekly_hours, status) VALUES (58, 27, 35, 'Central parent sit. Call door population. Him note painting quickly we head.', '2025-10-21', 2, 5, 1, 3, 4, TRUE, 7.1, 'approved');
INSERT INTO Review (review_id, student_id, offering_id, comment_text, review_date, difficulty_score, workload_score, clarity_score, satisfaction_score, fairness_score, attendance_required, weekly_hours, status) VALUES (59, 3, 29, 'Case happen fire everything whether ago control. Hit no energy employee land you experience.', '2022-10-09', 4, 5, 1, 1, 2, FALSE, 19.0, 'approved');
INSERT INTO Review (review_id, student_id, offering_id, comment_text, review_date, difficulty_score, workload_score, clarity_score, satisfaction_score, fairness_score, attendance_required, weekly_hours, status) VALUES (60, 21, 16, 'But table later together knowledge. Specific whose worry property. Nearly face feel church. Soldier meeting building cut.', '2023-04-17', 1, 4, 4, 2, 2, FALSE, 11.6, 'approved');
INSERT INTO Review (review_id, student_id, offering_id, comment_text, review_date, difficulty_score, workload_score, clarity_score, satisfaction_score, fairness_score, attendance_required, weekly_hours, status) VALUES (61, 5, 51, 'So ago network hard sound. Candidate this assume huge response long improve. Statement available win politics last quite.', '2025-03-20', 1, 4, 1, 4, 1, FALSE, 12.4, 'approved');
INSERT INTO Review (review_id, student_id, offering_id, comment_text, review_date, difficulty_score, workload_score, clarity_score, satisfaction_score, fairness_score, attendance_required, weekly_hours, status) VALUES (62, 19, 15, 'There sister policy consider. Item treat area buy.', '2024-01-12', 4, 1, 3, 2, 5, FALSE, 17.0, 'approved');
INSERT INTO Review (review_id, student_id, offering_id, comment_text, review_date, difficulty_score, workload_score, clarity_score, satisfaction_score, fairness_score, attendance_required, weekly_hours, status) VALUES (63, 16, 56, 'Clearly follow remember generation wait. Suffer economy play nearly by.', '2023-03-30', 5, 4, 5, 1, 4, FALSE, 15.4, 'approved');
INSERT INTO Review (review_id, student_id, offering_id, comment_text, review_date, difficulty_score, workload_score, clarity_score, satisfaction_score, fairness_score, attendance_required, weekly_hours, status) VALUES (64, 5, 15, 'Move maybe collection walk child probably result painting. American tell ball we side enough decision.', '2022-10-27', 5, 5, 2, 3, 3, TRUE, 6.3, 'approved');
INSERT INTO Review (review_id, student_id, offering_id, comment_text, review_date, difficulty_score, workload_score, clarity_score, satisfaction_score, fairness_score, attendance_required, weekly_hours, status) VALUES (65, 10, 10, 'Peace air threat nation politics few. Source rate father authority art. Indeed less future century technology floor. Wish candidate have no five letter. Last cell anything war ten.', '2025-03-02', 2, 4, 4, 5, 5, FALSE, 14.3, 'approved');
INSERT INTO Review (review_id, student_id, offering_id, comment_text, review_date, difficulty_score, workload_score, clarity_score, satisfaction_score, fairness_score, attendance_required, weekly_hours, status) VALUES (66, 21, 20, 'While total spend value return. Several marriage method material final. Bed hotel lead. Democrat good anything manager think.', '2023-12-22', 4, 1, 4, 4, 3, FALSE, 12.6, 'approved');
INSERT INTO Review (review_id, student_id, offering_id, comment_text, review_date, difficulty_score, workload_score, clarity_score, satisfaction_score, fairness_score, attendance_required, weekly_hours, status) VALUES (67, 30, 58, 'Mr suggest issue think road. Hand hundred now crime network available.', '2024-11-04', 1, 1, 3, 3, 1, TRUE, 13.1, 'approved');
INSERT INTO Review (review_id, student_id, offering_id, comment_text, review_date, difficulty_score, workload_score, clarity_score, satisfaction_score, fairness_score, attendance_required, weekly_hours, status) VALUES (68, 29, 25, 'Share evidence writer quite budget window hour. Newspaper hand certain own husband American.', '2023-12-05', 3, 5, 4, 5, 2, TRUE, 10.1, 'rejected');
INSERT INTO Review (review_id, student_id, offering_id, comment_text, review_date, difficulty_score, workload_score, clarity_score, satisfaction_score, fairness_score, attendance_required, weekly_hours, status) VALUES (69, 33, 23, 'Require sound mind chance. Cause use five hotel pattern successful order.', '2023-08-03', 1, 2, 4, 4, 5, TRUE, 8.6, 'approved');
INSERT INTO Review (review_id, student_id, offering_id, comment_text, review_date, difficulty_score, workload_score, clarity_score, satisfaction_score, fairness_score, attendance_required, weekly_hours, status) VALUES (70, 5, 43, 'Mother remember feel staff happy purpose woman. Film together the picture others enter pretty will. Officer return on color pick people subject challenge. All way body affect finish.', '2025-04-08', 1, 5, 4, 3, 3, TRUE, 8.0, 'approved');

-- SemesterPlan
INSERT INTO SemesterPlan (plan_id, student_id, advisor_id, plan_name) VALUES (1, 20, 21, 'Spring 2023 Plan');
INSERT INTO SemesterPlan (plan_id, student_id, advisor_id, plan_name) VALUES (2, 6, 10, 'Spring 2024 Plan');
INSERT INTO SemesterPlan (plan_id, student_id, advisor_id, plan_name) VALUES (3, 9, 22, 'Fall 2025 Plan');
INSERT INTO SemesterPlan (plan_id, student_id, advisor_id, plan_name) VALUES (4, 33, 12, 'Fall 2024 Plan');
INSERT INTO SemesterPlan (plan_id, student_id, advisor_id, plan_name) VALUES (5, 20, 6, 'Fall 2024 Plan');
INSERT INTO SemesterPlan (plan_id, student_id, advisor_id, plan_name) VALUES (6, 32, 7, 'Fall 2023 Plan');
INSERT INTO SemesterPlan (plan_id, student_id, advisor_id, plan_name) VALUES (7, 10, 3, 'Spring 2022 Plan');
INSERT INTO SemesterPlan (plan_id, student_id, advisor_id, plan_name) VALUES (8, 33, 25, 'Fall 2024 Plan');
INSERT INTO SemesterPlan (plan_id, student_id, advisor_id, plan_name) VALUES (9, 9, 20, 'Spring 2023 Plan');
INSERT INTO SemesterPlan (plan_id, student_id, advisor_id, plan_name) VALUES (10, 11, 6, 'Fall 2025 Plan');
INSERT INTO SemesterPlan (plan_id, student_id, advisor_id, plan_name) VALUES (11, 3, 14, 'Spring 2023 Plan');
INSERT INTO SemesterPlan (plan_id, student_id, advisor_id, plan_name) VALUES (12, 29, 20, 'Spring 2025 Plan');
INSERT INTO SemesterPlan (plan_id, student_id, advisor_id, plan_name) VALUES (13, 15, 18, 'Fall 2024 Plan');
INSERT INTO SemesterPlan (plan_id, student_id, advisor_id, plan_name) VALUES (14, 31, 29, 'Fall 2024 Plan');
INSERT INTO SemesterPlan (plan_id, student_id, advisor_id, plan_name) VALUES (15, 29, 15, 'Spring 2025 Plan');
INSERT INTO SemesterPlan (plan_id, student_id, advisor_id, plan_name) VALUES (16, 33, 17, 'Spring 2023 Plan');
INSERT INTO SemesterPlan (plan_id, student_id, advisor_id, plan_name) VALUES (17, 13, 26, 'Fall 2024 Plan');
INSERT INTO SemesterPlan (plan_id, student_id, advisor_id, plan_name) VALUES (18, 4, 21, 'Spring 2024 Plan');
INSERT INTO SemesterPlan (plan_id, student_id, advisor_id, plan_name) VALUES (19, 7, 23, 'Fall 2024 Plan');
INSERT INTO SemesterPlan (plan_id, student_id, advisor_id, plan_name) VALUES (20, 6, 25, 'Fall 2024 Plan');
INSERT INTO SemesterPlan (plan_id, student_id, advisor_id, plan_name) VALUES (21, 29, 29, 'Fall 2025 Plan');
INSERT INTO SemesterPlan (plan_id, student_id, advisor_id, plan_name) VALUES (22, 6, 30, 'Fall 2025 Plan');
INSERT INTO SemesterPlan (plan_id, student_id, advisor_id, plan_name) VALUES (23, 23, 30, 'Fall 2025 Plan');
INSERT INTO SemesterPlan (plan_id, student_id, advisor_id, plan_name) VALUES (24, 4, 13, 'Spring 2023 Plan');
INSERT INTO SemesterPlan (plan_id, student_id, advisor_id, plan_name) VALUES (25, 25, 3, 'Spring 2023 Plan');
INSERT INTO SemesterPlan (plan_id, student_id, advisor_id, plan_name) VALUES (26, 2, 11, 'Fall 2024 Plan');
INSERT INTO SemesterPlan (plan_id, student_id, advisor_id, plan_name) VALUES (27, 10, 5, 'Fall 2024 Plan');
INSERT INTO SemesterPlan (plan_id, student_id, advisor_id, plan_name) VALUES (28, 31, 23, 'Fall 2025 Plan');
INSERT INTO SemesterPlan (plan_id, student_id, advisor_id, plan_name) VALUES (29, 29, 20, 'Fall 2022 Plan');
INSERT INTO SemesterPlan (plan_id, student_id, advisor_id, plan_name) VALUES (30, 2, 9, 'Fall 2023 Plan');
INSERT INTO SemesterPlan (plan_id, student_id, advisor_id, plan_name) VALUES (31, 34, 14, 'Fall 2024 Plan');
INSERT INTO SemesterPlan (plan_id, student_id, advisor_id, plan_name) VALUES (32, 16, 10, 'Fall 2022 Plan');
INSERT INTO SemesterPlan (plan_id, student_id, advisor_id, plan_name) VALUES (33, 16, 14, 'Spring 2022 Plan');
INSERT INTO SemesterPlan (plan_id, student_id, advisor_id, plan_name) VALUES (34, 8, 27, 'Spring 2026 Plan');
INSERT INTO SemesterPlan (plan_id, student_id, advisor_id, plan_name) VALUES (35, 35, 1, 'Fall 2023 Plan');
INSERT INTO SemesterPlan (plan_id, student_id, advisor_id, plan_name) VALUES (36, 19, 14, 'Fall 2026 Plan');
INSERT INTO SemesterPlan (plan_id, student_id, advisor_id, plan_name) VALUES (37, 23, 8, 'Spring 2023 Plan');
INSERT INTO SemesterPlan (plan_id, student_id, advisor_id, plan_name) VALUES (38, 6, 17, 'Spring 2022 Plan');
INSERT INTO SemesterPlan (plan_id, student_id, advisor_id, plan_name) VALUES (39, 34, 18, 'Fall 2025 Plan');
INSERT INTO SemesterPlan (plan_id, student_id, advisor_id, plan_name) VALUES (40, 31, 2, 'Spring 2024 Plan');
INSERT INTO SemesterPlan (plan_id, student_id, advisor_id, plan_name) VALUES (41, 17, 24, 'Fall 2024 Plan');
INSERT INTO SemesterPlan (plan_id, student_id, advisor_id, plan_name) VALUES (42, 5, 12, 'Fall 2022 Plan');
INSERT INTO SemesterPlan (plan_id, student_id, advisor_id, plan_name) VALUES (43, 22, 5, 'Fall 2024 Plan');
INSERT INTO SemesterPlan (plan_id, student_id, advisor_id, plan_name) VALUES (44, 35, 11, 'Fall 2025 Plan');
INSERT INTO SemesterPlan (plan_id, student_id, advisor_id, plan_name) VALUES (45, 31, 21, 'Fall 2023 Plan');
INSERT INTO SemesterPlan (plan_id, student_id, advisor_id, plan_name) VALUES (46, 5, 23, 'Spring 2022 Plan');
INSERT INTO SemesterPlan (plan_id, student_id, advisor_id, plan_name) VALUES (47, 19, 7, 'Fall 2023 Plan');
INSERT INTO SemesterPlan (plan_id, student_id, advisor_id, plan_name) VALUES (48, 3, 11, 'Spring 2026 Plan');
INSERT INTO SemesterPlan (plan_id, student_id, advisor_id, plan_name) VALUES (49, 26, 27, 'Spring 2024 Plan');
INSERT INTO SemesterPlan (plan_id, student_id, advisor_id, plan_name) VALUES (50, 3, 25, 'Fall 2024 Plan');
INSERT INTO SemesterPlan (plan_id, student_id, advisor_id, plan_name) VALUES (51, 23, 28, 'Fall 2024 Plan');
INSERT INTO SemesterPlan (plan_id, student_id, advisor_id, plan_name) VALUES (52, 18, 4, 'Spring 2025 Plan');
INSERT INTO SemesterPlan (plan_id, student_id, advisor_id, plan_name) VALUES (53, 26, 24, 'Spring 2025 Plan');
INSERT INTO SemesterPlan (plan_id, student_id, advisor_id, plan_name) VALUES (54, 22, 6, 'Spring 2025 Plan');
INSERT INTO SemesterPlan (plan_id, student_id, advisor_id, plan_name) VALUES (55, 24, 30, 'Spring 2022 Plan');

-- PlanCourse
INSERT INTO PlanCourse (plan_id, course_id) VALUES (1, 28);
INSERT INTO PlanCourse (plan_id, course_id) VALUES (1, 6);
INSERT INTO PlanCourse (plan_id, course_id) VALUES (2, 28);
INSERT INTO PlanCourse (plan_id, course_id) VALUES (2, 12);
INSERT INTO PlanCourse (plan_id, course_id) VALUES (3, 35);
INSERT INTO PlanCourse (plan_id, course_id) VALUES (3, 19);
INSERT INTO PlanCourse (plan_id, course_id) VALUES (4, 21);
INSERT INTO PlanCourse (plan_id, course_id) VALUES (4, 7);
INSERT INTO PlanCourse (plan_id, course_id) VALUES (5, 6);
INSERT INTO PlanCourse (plan_id, course_id) VALUES (5, 21);
INSERT INTO PlanCourse (plan_id, course_id) VALUES (6, 19);
INSERT INTO PlanCourse (plan_id, course_id) VALUES (6, 20);
INSERT INTO PlanCourse (plan_id, course_id) VALUES (7, 29);
INSERT INTO PlanCourse (plan_id, course_id) VALUES (7, 28);
INSERT INTO PlanCourse (plan_id, course_id) VALUES (8, 11);
INSERT INTO PlanCourse (plan_id, course_id) VALUES (8, 29);
INSERT INTO PlanCourse (plan_id, course_id) VALUES (9, 23);
INSERT INTO PlanCourse (plan_id, course_id) VALUES (9, 29);
INSERT INTO PlanCourse (plan_id, course_id) VALUES (10, 3);
INSERT INTO PlanCourse (plan_id, course_id) VALUES (10, 23);
INSERT INTO PlanCourse (plan_id, course_id) VALUES (11, 28);
INSERT INTO PlanCourse (plan_id, course_id) VALUES (11, 18);
INSERT INTO PlanCourse (plan_id, course_id) VALUES (12, 4);
INSERT INTO PlanCourse (plan_id, course_id) VALUES (12, 5);
INSERT INTO PlanCourse (plan_id, course_id) VALUES (13, 26);
INSERT INTO PlanCourse (plan_id, course_id) VALUES (13, 24);
INSERT INTO PlanCourse (plan_id, course_id) VALUES (14, 33);
INSERT INTO PlanCourse (plan_id, course_id) VALUES (14, 11);
INSERT INTO PlanCourse (plan_id, course_id) VALUES (15, 2);
INSERT INTO PlanCourse (plan_id, course_id) VALUES (15, 10);
INSERT INTO PlanCourse (plan_id, course_id) VALUES (16, 29);
INSERT INTO PlanCourse (plan_id, course_id) VALUES (16, 3);
INSERT INTO PlanCourse (plan_id, course_id) VALUES (17, 9);
INSERT INTO PlanCourse (plan_id, course_id) VALUES (17, 5);
INSERT INTO PlanCourse (plan_id, course_id) VALUES (18, 16);
INSERT INTO PlanCourse (plan_id, course_id) VALUES (18, 24);
INSERT INTO PlanCourse (plan_id, course_id) VALUES (19, 24);
INSERT INTO PlanCourse (plan_id, course_id) VALUES (19, 25);
INSERT INTO PlanCourse (plan_id, course_id) VALUES (20, 3);
INSERT INTO PlanCourse (plan_id, course_id) VALUES (20, 10);
INSERT INTO PlanCourse (plan_id, course_id) VALUES (21, 29);
INSERT INTO PlanCourse (plan_id, course_id) VALUES (21, 24);
INSERT INTO PlanCourse (plan_id, course_id) VALUES (22, 24);
INSERT INTO PlanCourse (plan_id, course_id) VALUES (22, 29);
INSERT INTO PlanCourse (plan_id, course_id) VALUES (23, 5);
INSERT INTO PlanCourse (plan_id, course_id) VALUES (23, 9);
INSERT INTO PlanCourse (plan_id, course_id) VALUES (24, 34);
INSERT INTO PlanCourse (plan_id, course_id) VALUES (24, 24);
INSERT INTO PlanCourse (plan_id, course_id) VALUES (25, 26);
INSERT INTO PlanCourse (plan_id, course_id) VALUES (25, 21);
INSERT INTO PlanCourse (plan_id, course_id) VALUES (26, 18);
INSERT INTO PlanCourse (plan_id, course_id) VALUES (26, 16);
INSERT INTO PlanCourse (plan_id, course_id) VALUES (27, 8);
INSERT INTO PlanCourse (plan_id, course_id) VALUES (27, 2);
INSERT INTO PlanCourse (plan_id, course_id) VALUES (28, 12);
INSERT INTO PlanCourse (plan_id, course_id) VALUES (28, 32);
INSERT INTO PlanCourse (plan_id, course_id) VALUES (29, 34);
INSERT INTO PlanCourse (plan_id, course_id) VALUES (29, 25);
INSERT INTO PlanCourse (plan_id, course_id) VALUES (30, 8);
INSERT INTO PlanCourse (plan_id, course_id) VALUES (30, 17);
INSERT INTO PlanCourse (plan_id, course_id) VALUES (31, 17);
INSERT INTO PlanCourse (plan_id, course_id) VALUES (31, 29);
INSERT INTO PlanCourse (plan_id, course_id) VALUES (32, 14);
INSERT INTO PlanCourse (plan_id, course_id) VALUES (32, 19);
INSERT INTO PlanCourse (plan_id, course_id) VALUES (33, 32);
INSERT INTO PlanCourse (plan_id, course_id) VALUES (33, 13);
INSERT INTO PlanCourse (plan_id, course_id) VALUES (34, 8);
INSERT INTO PlanCourse (plan_id, course_id) VALUES (34, 9);
INSERT INTO PlanCourse (plan_id, course_id) VALUES (35, 5);
INSERT INTO PlanCourse (plan_id, course_id) VALUES (35, 29);
INSERT INTO PlanCourse (plan_id, course_id) VALUES (36, 12);
INSERT INTO PlanCourse (plan_id, course_id) VALUES (36, 29);
INSERT INTO PlanCourse (plan_id, course_id) VALUES (37, 6);
INSERT INTO PlanCourse (plan_id, course_id) VALUES (37, 21);
INSERT INTO PlanCourse (plan_id, course_id) VALUES (38, 23);
INSERT INTO PlanCourse (plan_id, course_id) VALUES (38, 5);
INSERT INTO PlanCourse (plan_id, course_id) VALUES (39, 35);
INSERT INTO PlanCourse (plan_id, course_id) VALUES (39, 19);
INSERT INTO PlanCourse (plan_id, course_id) VALUES (40, 20);
INSERT INTO PlanCourse (plan_id, course_id) VALUES (40, 11);
INSERT INTO PlanCourse (plan_id, course_id) VALUES (41, 12);
INSERT INTO PlanCourse (plan_id, course_id) VALUES (41, 24);
INSERT INTO PlanCourse (plan_id, course_id) VALUES (42, 33);
INSERT INTO PlanCourse (plan_id, course_id) VALUES (42, 15);
INSERT INTO PlanCourse (plan_id, course_id) VALUES (43, 8);
INSERT INTO PlanCourse (plan_id, course_id) VALUES (43, 13);
INSERT INTO PlanCourse (plan_id, course_id) VALUES (44, 9);
INSERT INTO PlanCourse (plan_id, course_id) VALUES (44, 16);
INSERT INTO PlanCourse (plan_id, course_id) VALUES (45, 32);
INSERT INTO PlanCourse (plan_id, course_id) VALUES (45, 2);
INSERT INTO PlanCourse (plan_id, course_id) VALUES (46, 24);
INSERT INTO PlanCourse (plan_id, course_id) VALUES (46, 30);
INSERT INTO PlanCourse (plan_id, course_id) VALUES (47, 9);
INSERT INTO PlanCourse (plan_id, course_id) VALUES (47, 6);
INSERT INTO PlanCourse (plan_id, course_id) VALUES (48, 5);
INSERT INTO PlanCourse (plan_id, course_id) VALUES (48, 20);
INSERT INTO PlanCourse (plan_id, course_id) VALUES (49, 26);
INSERT INTO PlanCourse (plan_id, course_id) VALUES (49, 31);
INSERT INTO PlanCourse (plan_id, course_id) VALUES (50, 34);
INSERT INTO PlanCourse (plan_id, course_id) VALUES (50, 27);
INSERT INTO PlanCourse (plan_id, course_id) VALUES (51, 27);
INSERT INTO PlanCourse (plan_id, course_id) VALUES (51, 5);
INSERT INTO PlanCourse (plan_id, course_id) VALUES (52, 9);
INSERT INTO PlanCourse (plan_id, course_id) VALUES (52, 21);
INSERT INTO PlanCourse (plan_id, course_id) VALUES (53, 5);
INSERT INTO PlanCourse (plan_id, course_id) VALUES (53, 29);
INSERT INTO PlanCourse (plan_id, course_id) VALUES (54, 30);
INSERT INTO PlanCourse (plan_id, course_id) VALUES (54, 34);
INSERT INTO PlanCourse (plan_id, course_id) VALUES (55, 23);
INSERT INTO PlanCourse (plan_id, course_id) VALUES (55, 9);
INSERT INTO PlanCourse (plan_id, course_id) VALUES (54, 12);
INSERT INTO PlanCourse (plan_id, course_id) VALUES (50, 9);
INSERT INTO PlanCourse (plan_id, course_id) VALUES (28, 33);
INSERT INTO PlanCourse (plan_id, course_id) VALUES (4, 8);
INSERT INTO PlanCourse (plan_id, course_id) VALUES (34, 10);
INSERT INTO PlanCourse (plan_id, course_id) VALUES (20, 11);
INSERT INTO PlanCourse (plan_id, course_id) VALUES (11, 21);
INSERT INTO PlanCourse (plan_id, course_id) VALUES (46, 15);
INSERT INTO PlanCourse (plan_id, course_id) VALUES (23, 34);
INSERT INTO PlanCourse (plan_id, course_id) VALUES (19, 6);
INSERT INTO PlanCourse (plan_id, course_id) VALUES (17, 13);
INSERT INTO PlanCourse (plan_id, course_id) VALUES (41, 18);
INSERT INTO PlanCourse (plan_id, course_id) VALUES (9, 20);
INSERT INTO PlanCourse (plan_id, course_id) VALUES (40, 35);
INSERT INTO PlanCourse (plan_id, course_id) VALUES (6, 33);
INSERT INTO PlanCourse (plan_id, course_id) VALUES (42, 11);
INSERT INTO PlanCourse (plan_id, course_id) VALUES (38, 10);
INSERT INTO PlanCourse (plan_id, course_id) VALUES (11, 22);
INSERT INTO PlanCourse (plan_id, course_id) VALUES (54, 3);
INSERT INTO PlanCourse (plan_id, course_id) VALUES (53, 2);
INSERT INTO PlanCourse (plan_id, course_id) VALUES (6, 3);
INSERT INTO PlanCourse (plan_id, course_id) VALUES (42, 17);
INSERT INTO PlanCourse (plan_id, course_id) VALUES (42, 14);
INSERT INTO PlanCourse (plan_id, course_id) VALUES (40, 2);
INSERT INTO PlanCourse (plan_id, course_id) VALUES (32, 35);
INSERT INTO PlanCourse (plan_id, course_id) VALUES (19, 20);
INSERT INTO PlanCourse (plan_id, course_id) VALUES (31, 16);
INSERT INTO PlanCourse (plan_id, course_id) VALUES (52, 26);
INSERT INTO PlanCourse (plan_id, course_id) VALUES (20, 30);
INSERT INTO PlanCourse (plan_id, course_id) VALUES (5, 4);

-- Flag
INSERT INTO Flag (flag_id, review_id, reporter_id, resolved_by_admin_id, reason, created_at, resolved_at) VALUES (1, 21, 31, 11, 'Review contains personal attacks on the professor.', '2025-03-05 07:28:09', '2025-06-16 14:32:11');
INSERT INTO Flag (flag_id, review_id, reporter_id, resolved_by_admin_id, reason, created_at, resolved_at) VALUES (2, 19, 21, NULL, 'Review violates community guidelines.', '2025-10-06 21:11:34', NULL);
INSERT INTO Flag (flag_id, review_id, reporter_id, resolved_by_admin_id, reason, created_at, resolved_at) VALUES (3, 45, NULL, 12, 'Review contains personal attacks on the professor.', '2025-03-03 07:19:27', '2025-07-06 23:30:11');
INSERT INTO Flag (flag_id, review_id, reporter_id, resolved_by_admin_id, reason, created_at, resolved_at) VALUES (4, 14, 30, 15, 'This comment is not related to the course.', '2025-12-11 11:51:56', '2025-10-30 16:23:30');
INSERT INTO Flag (flag_id, review_id, reporter_id, resolved_by_admin_id, reason, created_at, resolved_at) VALUES (5, 19, 19, NULL, 'Review violates community guidelines.', '2025-08-06 12:06:43', NULL);
INSERT INTO Flag (flag_id, review_id, reporter_id, resolved_by_admin_id, reason, created_at, resolved_at) VALUES (6, 54, 11, NULL, 'Review contains personal attacks on the professor.', '2026-04-03 13:05:21', NULL);
INSERT INTO Flag (flag_id, review_id, reporter_id, resolved_by_admin_id, reason, created_at, resolved_at) VALUES (7, 41, 11, 17, 'Review appears to be a duplicate.', '2026-02-25 11:50:10', '2025-10-18 22:46:35');
INSERT INTO Flag (flag_id, review_id, reporter_id, resolved_by_admin_id, reason, created_at, resolved_at) VALUES (8, 64, NULL, 3, 'Review appears to be a duplicate.', '2025-11-11 02:20:09', '2026-03-14 06:32:30');
INSERT INTO Flag (flag_id, review_id, reporter_id, resolved_by_admin_id, reason, created_at, resolved_at) VALUES (9, 65, 16, 12, 'This review contains inappropriate language.', '2024-06-05 22:20:32', '2026-01-26 06:58:26');
INSERT INTO Flag (flag_id, review_id, reporter_id, resolved_by_admin_id, reason, created_at, resolved_at) VALUES (10, 7, 31, 1, 'Review violates community guidelines.', '2024-08-03 19:22:44', '2026-01-17 21:23:49');
INSERT INTO Flag (flag_id, review_id, reporter_id, resolved_by_admin_id, reason, created_at, resolved_at) VALUES (11, 14, 17, NULL, 'Review violates community guidelines.', '2025-05-26 10:17:27', NULL);
INSERT INTO Flag (flag_id, review_id, reporter_id, resolved_by_admin_id, reason, created_at, resolved_at) VALUES (12, 52, 26, 18, 'This comment is not related to the course.', '2025-06-28 05:01:20', '2025-07-08 07:39:35');
INSERT INTO Flag (flag_id, review_id, reporter_id, resolved_by_admin_id, reason, created_at, resolved_at) VALUES (13, 47, 5, 15, 'Review violates community guidelines.', '2025-09-14 22:08:14', '2025-08-23 00:46:34');
INSERT INTO Flag (flag_id, review_id, reporter_id, resolved_by_admin_id, reason, created_at, resolved_at) VALUES (14, 36, NULL, NULL, 'Review contains personal attacks on the professor.', '2025-04-25 02:48:59', NULL);
INSERT INTO Flag (flag_id, review_id, reporter_id, resolved_by_admin_id, reason, created_at, resolved_at) VALUES (15, 16, 7, 26, 'Possibly inaccurate or misleading information.', '2025-02-05 05:51:28', '2025-11-08 20:53:49');
INSERT INTO Flag (flag_id, review_id, reporter_id, resolved_by_admin_id, reason, created_at, resolved_at) VALUES (16, 47, 13, NULL, 'Review appears to be a duplicate.', '2024-12-18 06:06:26', NULL);
INSERT INTO Flag (flag_id, review_id, reporter_id, resolved_by_admin_id, reason, created_at, resolved_at) VALUES (17, 65, 3, 11, 'Review violates community guidelines.', '2025-04-10 14:05:03', '2025-06-25 01:16:19');
INSERT INTO Flag (flag_id, review_id, reporter_id, resolved_by_admin_id, reason, created_at, resolved_at) VALUES (18, 61, 10, NULL, 'Review contains personal attacks on the professor.', '2026-03-28 00:33:42', NULL);
INSERT INTO Flag (flag_id, review_id, reporter_id, resolved_by_admin_id, reason, created_at, resolved_at) VALUES (19, 18, 21, 20, 'Spam or promotional content.', '2025-01-09 10:46:23', '2025-11-11 20:11:57');
INSERT INTO Flag (flag_id, review_id, reporter_id, resolved_by_admin_id, reason, created_at, resolved_at) VALUES (20, 39, 33, NULL, 'Review contains personal attacks on the professor.', '2025-06-16 20:36:21', NULL);
INSERT INTO Flag (flag_id, review_id, reporter_id, resolved_by_admin_id, reason, created_at, resolved_at) VALUES (21, 63, 20, 1, 'Possibly inaccurate or misleading information.', '2025-09-25 12:26:18', '2025-09-03 09:17:20');
INSERT INTO Flag (flag_id, review_id, reporter_id, resolved_by_admin_id, reason, created_at, resolved_at) VALUES (22, 43, 27, 26, 'Spam or promotional content.', '2026-02-21 11:35:07', '2026-02-12 14:33:40');
INSERT INTO Flag (flag_id, review_id, reporter_id, resolved_by_admin_id, reason, created_at, resolved_at) VALUES (23, 4, 17, NULL, 'Review violates community guidelines.', '2025-10-30 12:20:34', NULL);
INSERT INTO Flag (flag_id, review_id, reporter_id, resolved_by_admin_id, reason, created_at, resolved_at) VALUES (24, 30, 31, 21, 'Spam or promotional content.', '2025-08-31 05:29:08', '2026-01-08 04:06:23');
INSERT INTO Flag (flag_id, review_id, reporter_id, resolved_by_admin_id, reason, created_at, resolved_at) VALUES (25, 49, 16, 23, 'This review contains inappropriate language.', '2025-10-09 01:37:54', '2026-02-24 21:40:46');
INSERT INTO Flag (flag_id, review_id, reporter_id, resolved_by_admin_id, reason, created_at, resolved_at) VALUES (26, 25, 21, 14, 'Spam or promotional content.', '2025-08-05 09:59:12', '2025-07-30 11:07:44');
INSERT INTO Flag (flag_id, review_id, reporter_id, resolved_by_admin_id, reason, created_at, resolved_at) VALUES (27, 27, 31, NULL, 'Spam or promotional content.', '2025-04-29 15:06:22', NULL);
INSERT INTO Flag (flag_id, review_id, reporter_id, resolved_by_admin_id, reason, created_at, resolved_at) VALUES (28, 8, 34, 11, 'Spam or promotional content.', '2024-10-27 00:47:05', '2025-07-02 11:07:36');
INSERT INTO Flag (flag_id, review_id, reporter_id, resolved_by_admin_id, reason, created_at, resolved_at) VALUES (29, 62, 21, NULL, 'Review appears to be a duplicate.', '2024-11-21 06:23:28', NULL);
INSERT INTO Flag (flag_id, review_id, reporter_id, resolved_by_admin_id, reason, created_at, resolved_at) VALUES (30, 69, 23, NULL, 'Review violates community guidelines.', '2025-06-26 00:49:27', NULL);
INSERT INTO Flag (flag_id, review_id, reporter_id, resolved_by_admin_id, reason, created_at, resolved_at) VALUES (31, 34, 13, NULL, 'Possibly inaccurate or misleading information.', '2024-12-06 09:45:45', NULL);
INSERT INTO Flag (flag_id, review_id, reporter_id, resolved_by_admin_id, reason, created_at, resolved_at) VALUES (32, 39, 20, NULL, 'Spam or promotional content.', '2024-10-10 05:09:37', NULL);
INSERT INTO Flag (flag_id, review_id, reporter_id, resolved_by_admin_id, reason, created_at, resolved_at) VALUES (33, 27, 32, 12, 'Review contains personal attacks on the professor.', '2025-12-08 13:03:55', '2025-08-12 09:03:49');
INSERT INTO Flag (flag_id, review_id, reporter_id, resolved_by_admin_id, reason, created_at, resolved_at) VALUES (34, 36, 35, 13, 'Review violates community guidelines.', '2025-10-18 01:38:27', '2025-08-09 00:48:31');
INSERT INTO Flag (flag_id, review_id, reporter_id, resolved_by_admin_id, reason, created_at, resolved_at) VALUES (35, 45, NULL, NULL, 'Possibly inaccurate or misleading information.', '2024-09-26 13:16:23', NULL);
INSERT INTO Flag (flag_id, review_id, reporter_id, resolved_by_admin_id, reason, created_at, resolved_at) VALUES (36, 6, 6, 15, 'Spam or promotional content.', '2025-10-18 03:16:07', '2026-01-11 20:35:50');
INSERT INTO Flag (flag_id, review_id, reporter_id, resolved_by_admin_id, reason, created_at, resolved_at) VALUES (37, 33, 14, 18, 'Possibly inaccurate or misleading information.', '2024-12-20 19:24:10', '2025-10-25 16:56:02');
INSERT INTO Flag (flag_id, review_id, reporter_id, resolved_by_admin_id, reason, created_at, resolved_at) VALUES (38, 35, 16, 22, 'Review contains personal attacks on the professor.', '2025-01-14 11:29:50', '2025-10-22 03:11:13');
INSERT INTO Flag (flag_id, review_id, reporter_id, resolved_by_admin_id, reason, created_at, resolved_at) VALUES (39, 29, 4, 11, 'Spam or promotional content.', '2026-04-13 18:46:17', '2025-11-22 11:13:04');
INSERT INTO Flag (flag_id, review_id, reporter_id, resolved_by_admin_id, reason, created_at, resolved_at) VALUES (40, 61, 9, 18, 'This comment is not related to the course.', '2025-12-27 08:45:55', '2026-04-16 17:07:48');
INSERT INTO Flag (flag_id, review_id, reporter_id, resolved_by_admin_id, reason, created_at, resolved_at) VALUES (41, 53, 31, 7, 'Review violates community guidelines.', '2024-11-16 22:57:10', '2026-01-24 01:29:40');
INSERT INTO Flag (flag_id, review_id, reporter_id, resolved_by_admin_id, reason, created_at, resolved_at) VALUES (42, 37, 4, NULL, 'This review contains inappropriate language.', '2024-11-28 02:07:04', NULL);
INSERT INTO Flag (flag_id, review_id, reporter_id, resolved_by_admin_id, reason, created_at, resolved_at) VALUES (43, 30, 3, NULL, 'This comment is not related to the course.', '2024-07-22 05:13:58', NULL);
INSERT INTO Flag (flag_id, review_id, reporter_id, resolved_by_admin_id, reason, created_at, resolved_at) VALUES (44, 54, NULL, 30, 'This review contains inappropriate language.', '2025-09-26 02:29:16', '2025-11-27 12:17:10');
INSERT INTO Flag (flag_id, review_id, reporter_id, resolved_by_admin_id, reason, created_at, resolved_at) VALUES (45, 51, 12, NULL, 'Review violates community guidelines.', '2025-06-14 11:08:48', NULL);
INSERT INTO Flag (flag_id, review_id, reporter_id, resolved_by_admin_id, reason, created_at, resolved_at) VALUES (46, 38, NULL, 19, 'Review contains personal attacks on the professor.', '2026-03-15 07:31:12', '2025-09-13 06:06:04');
INSERT INTO Flag (flag_id, review_id, reporter_id, resolved_by_admin_id, reason, created_at, resolved_at) VALUES (47, 14, NULL, 15, 'Spam or promotional content.', '2026-01-14 04:59:47', '2025-09-19 00:24:14');
INSERT INTO Flag (flag_id, review_id, reporter_id, resolved_by_admin_id, reason, created_at, resolved_at) VALUES (48, 70, 9, NULL, 'Review appears to be a duplicate.', '2025-01-11 15:06:41', NULL);
INSERT INTO Flag (flag_id, review_id, reporter_id, resolved_by_admin_id, reason, created_at, resolved_at) VALUES (49, 35, 8, 24, 'Review appears to be a duplicate.', '2026-01-03 12:27:40', '2026-02-13 00:34:36');
INSERT INTO Flag (flag_id, review_id, reporter_id, resolved_by_admin_id, reason, created_at, resolved_at) VALUES (50, 33, 1, NULL, 'Review violates community guidelines.', '2024-08-10 07:50:52', NULL);

-- SystemLog
INSERT INTO SystemLog (log_id, admin_id, message, timestamp, severity) VALUES (1, 10, 'Cache cleared after schema migration.', '2025-08-09 14:18:35', 'WARNING');
INSERT INTO SystemLog (log_id, admin_id, message, timestamp, severity) VALUES (2, 7, 'Slow query detected on Review table.', '2025-05-05 03:10:59', 'WARNING');
INSERT INTO SystemLog (log_id, admin_id, message, timestamp, severity) VALUES (3, 21, 'Review submission rate anomaly detected.', '2025-08-08 12:00:14', 'INFO');
INSERT INTO SystemLog (log_id, admin_id, message, timestamp, severity) VALUES (4, 14, 'System performance within normal parameters.', '2026-01-21 03:22:27', 'INFO');
INSERT INTO SystemLog (log_id, admin_id, message, timestamp, severity) VALUES (5, 13, 'Unresolved flags count exceeded warning threshold.', '2025-05-19 11:42:09', 'INFO');
INSERT INTO SystemLog (log_id, admin_id, message, timestamp, severity) VALUES (6, 5, 'Flag resolution rate dropped below threshold.', '2025-08-31 07:26:12', 'INFO');
INSERT INTO SystemLog (log_id, admin_id, message, timestamp, severity) VALUES (7, 8, 'Routine system health check completed successfully.', '2026-04-12 15:29:20', 'INFO');
INSERT INTO SystemLog (log_id, admin_id, message, timestamp, severity) VALUES (8, 8, 'Flag resolution rate dropped below threshold.', '2025-10-07 14:20:21', 'WARNING');
INSERT INTO SystemLog (log_id, admin_id, message, timestamp, severity) VALUES (9, 11, 'Failed login attempt detected.', '2025-12-29 13:11:51', 'INFO');
INSERT INTO SystemLog (log_id, admin_id, message, timestamp, severity) VALUES (10, 19, 'Routine system health check completed successfully.', '2025-07-27 09:19:33', 'INFO');
INSERT INTO SystemLog (log_id, admin_id, message, timestamp, severity) VALUES (11, 12, 'API response time exceeded 500ms.', '2026-02-03 00:47:40', 'INFO');
INSERT INTO SystemLog (log_id, admin_id, message, timestamp, severity) VALUES (12, 22, 'Duplicate review entry detected and flagged.', '2025-10-21 20:26:14', 'INFO');
INSERT INTO SystemLog (log_id, admin_id, message, timestamp, severity) VALUES (13, 6, 'Inconsistent data found in Review table.', '2025-07-10 21:35:47', 'WARNING');
INSERT INTO SystemLog (log_id, admin_id, message, timestamp, severity) VALUES (14, 30, 'Review submission rate anomaly detected.', '2025-07-06 06:30:19', 'WARNING');
INSERT INTO SystemLog (log_id, admin_id, message, timestamp, severity) VALUES (15, 25, 'Failed login attempt detected.', '2026-03-06 08:09:51', 'WARNING');
INSERT INTO SystemLog (log_id, admin_id, message, timestamp, severity) VALUES (16, 21, 'Review submission rate anomaly detected.', '2025-11-13 23:00:18', 'ERROR');
INSERT INTO SystemLog (log_id, admin_id, message, timestamp, severity) VALUES (17, 12, 'Cache cleared after schema migration.', '2025-08-02 02:14:06', 'INFO');
INSERT INTO SystemLog (log_id, admin_id, message, timestamp, severity) VALUES (18, 5, 'Flag resolution rate dropped below threshold.', '2026-04-16 03:30:30', 'INFO');
INSERT INTO SystemLog (log_id, admin_id, message, timestamp, severity) VALUES (19, 24, 'Cache cleared after schema migration.', '2025-11-23 01:28:57', 'INFO');
INSERT INTO SystemLog (log_id, admin_id, message, timestamp, severity) VALUES (20, 23, 'System performance within normal parameters.', '2026-01-14 03:52:54', 'ERROR');
INSERT INTO SystemLog (log_id, admin_id, message, timestamp, severity) VALUES (21, 25, 'System performance within normal parameters.', '2025-08-02 06:47:26', 'WARNING');
INSERT INTO SystemLog (log_id, admin_id, message, timestamp, severity) VALUES (22, 27, 'Database backup completed.', '2025-06-11 02:34:18', 'WARNING');
INSERT INTO SystemLog (log_id, admin_id, message, timestamp, severity) VALUES (23, 22, 'Scheduled maintenance window starting.', '2025-05-31 05:09:37', 'INFO');
INSERT INTO SystemLog (log_id, admin_id, message, timestamp, severity) VALUES (24, 26, 'Duplicate review entry detected and flagged.', '2025-12-13 21:37:15', 'INFO');
INSERT INTO SystemLog (log_id, admin_id, message, timestamp, severity) VALUES (25, 17, 'API response time exceeded 500ms.', '2026-01-31 12:41:57', 'INFO');
INSERT INTO SystemLog (log_id, admin_id, message, timestamp, severity) VALUES (26, 30, 'Cache cleared after schema migration.', '2025-12-02 16:45:06', 'INFO');
INSERT INTO SystemLog (log_id, admin_id, message, timestamp, severity) VALUES (27, 27, 'System performance within normal parameters.', '2025-07-20 17:21:55', 'ERROR');
INSERT INTO SystemLog (log_id, admin_id, message, timestamp, severity) VALUES (28, 7, 'Cache cleared after schema migration.', '2025-07-21 22:58:03', 'INFO');
INSERT INTO SystemLog (log_id, admin_id, message, timestamp, severity) VALUES (29, 6, 'New user registration spike detected.', '2025-05-08 12:15:47', 'WARNING');
INSERT INTO SystemLog (log_id, admin_id, message, timestamp, severity) VALUES (30, 15, 'Duplicate review entry detected and flagged.', '2026-01-03 22:24:00', 'WARNING');
INSERT INTO SystemLog (log_id, admin_id, message, timestamp, severity) VALUES (31, 23, 'Cache cleared after schema migration.', '2026-04-05 08:01:23', 'INFO');
INSERT INTO SystemLog (log_id, admin_id, message, timestamp, severity) VALUES (32, 29, 'System performance within normal parameters.', '2025-11-11 00:45:37', 'INFO');
INSERT INTO SystemLog (log_id, admin_id, message, timestamp, severity) VALUES (33, 2, 'Flag resolution rate dropped below threshold.', '2025-07-15 10:30:25', 'INFO');
INSERT INTO SystemLog (log_id, admin_id, message, timestamp, severity) VALUES (34, 14, 'Flag resolution rate dropped below threshold.', '2025-12-22 13:10:09', 'INFO');
INSERT INTO SystemLog (log_id, admin_id, message, timestamp, severity) VALUES (35, 18, 'Flag resolution rate dropped below threshold.', '2025-07-18 05:17:20', 'WARNING');
INSERT INTO SystemLog (log_id, admin_id, message, timestamp, severity) VALUES (36, 10, 'API response time exceeded 500ms.', '2025-05-09 04:20:51', 'INFO');
INSERT INTO SystemLog (log_id, admin_id, message, timestamp, severity) VALUES (37, 9, 'Scheduled maintenance window completed.', '2025-05-27 17:00:27', 'INFO');
INSERT INTO SystemLog (log_id, admin_id, message, timestamp, severity) VALUES (38, 7, 'Cache cleared after schema migration.', '2025-09-26 07:20:34', 'INFO');
INSERT INTO SystemLog (log_id, admin_id, message, timestamp, severity) VALUES (39, 14, 'New user registration spike detected.', '2025-08-25 01:39:16', 'WARNING');
INSERT INTO SystemLog (log_id, admin_id, message, timestamp, severity) VALUES (40, 18, 'Routine system health check completed successfully.', '2026-01-22 09:21:24', 'ERROR');
INSERT INTO SystemLog (log_id, admin_id, message, timestamp, severity) VALUES (41, 3, 'Review submission rate anomaly detected.', '2025-10-19 06:13:06', 'INFO');
INSERT INTO SystemLog (log_id, admin_id, message, timestamp, severity) VALUES (42, 10, 'Inconsistent data found in Review table.', '2025-05-27 20:14:29', 'INFO');
INSERT INTO SystemLog (log_id, admin_id, message, timestamp, severity) VALUES (43, 5, 'Scheduled maintenance window starting.', '2026-01-08 08:15:52', 'WARNING');
INSERT INTO SystemLog (log_id, admin_id, message, timestamp, severity) VALUES (44, 24, 'Unresolved flags count exceeded warning threshold.', '2026-02-12 03:09:19', 'ERROR');
INSERT INTO SystemLog (log_id, admin_id, message, timestamp, severity) VALUES (45, 12, 'Review submission rate anomaly detected.', '2025-06-11 04:22:50', 'INFO');
INSERT INTO SystemLog (log_id, admin_id, message, timestamp, severity) VALUES (46, 28, 'Review submission rate anomaly detected.', '2025-04-20 19:23:22', 'ERROR');
INSERT INTO SystemLog (log_id, admin_id, message, timestamp, severity) VALUES (47, 13, 'Duplicate review entry detected and flagged.', '2025-11-18 12:45:09', 'WARNING');
INSERT INTO SystemLog (log_id, admin_id, message, timestamp, severity) VALUES (48, 22, 'Scheduled maintenance window completed.', '2026-04-14 14:55:54', 'INFO');
INSERT INTO SystemLog (log_id, admin_id, message, timestamp, severity) VALUES (49, 21, 'Scheduled maintenance window completed.', '2025-06-19 03:12:45', 'INFO');
INSERT INTO SystemLog (log_id, admin_id, message, timestamp, severity) VALUES (50, 6, 'System performance within normal parameters.', '2025-09-23 19:44:50', 'INFO');
INSERT INTO SystemLog (log_id, admin_id, message, timestamp, severity) VALUES (51, 5, 'API response time exceeded 500ms.', '2025-12-28 08:29:48', 'ERROR');
INSERT INTO SystemLog (log_id, admin_id, message, timestamp, severity) VALUES (52, 27, 'Routine system health check completed successfully.', '2026-04-16 22:13:32', 'WARNING');
INSERT INTO SystemLog (log_id, admin_id, message, timestamp, severity) VALUES (53, 10, 'Flag resolution rate dropped below threshold.', '2026-03-26 19:19:27', 'WARNING');
INSERT INTO SystemLog (log_id, admin_id, message, timestamp, severity) VALUES (54, 18, 'Inconsistent data found in Review table.', '2026-03-25 22:22:22', 'INFO');
INSERT INTO SystemLog (log_id, admin_id, message, timestamp, severity) VALUES (55, 27, 'Database backup completed.', '2025-10-20 12:56:13', 'INFO');
